-- phpMyAdmin SQL Dump
-- version 4.5.1
-- http://www.phpmyadmin.net
--
-- Host: 127.0.0.1
-- Generation Time: Apr 26, 2017 at 11:59 PM
-- Server version: 10.1.19-MariaDB
-- PHP Version: 5.5.38

SET SQL_MODE = "NO_AUTO_VALUE_ON_ZERO";
SET time_zone = "+00:00";


/*!40101 SET @OLD_CHARACTER_SET_CLIENT=@@CHARACTER_SET_CLIENT */;
/*!40101 SET @OLD_CHARACTER_SET_RESULTS=@@CHARACTER_SET_RESULTS */;
/*!40101 SET @OLD_COLLATION_CONNECTION=@@COLLATION_CONNECTION */;
/*!40101 SET NAMES utf8mb4 */;

--
-- Database: `store`
--

-- --------------------------------------------------------

--
-- Table structure for table `bill`
--

CREATE TABLE `bill` (
  `id` int(11) NOT NULL,
  `amount` int(11) NOT NULL,
  `DateOfSelling` date NOT NULL,
  `Pid` int(11) DEFAULT NULL,
  `Bid` int(11) DEFAULT NULL
) ENGINE=InnoDB DEFAULT CHARSET=latin1;

--
-- Dumping data for table `bill`
--

INSERT INTO `bill` (`id`, `amount`, `DateOfSelling`, `Pid`, `Bid`) VALUES
(36, 100, '2017-04-15', 48, 31),
(37, 5, '2017-04-08', 49, 32),
(38, 10, '2017-04-15', 48, 33),
(39, 10, '2017-04-07', 49, 34),
(40, 50, '2017-04-14', 51, 35);

-- --------------------------------------------------------

--
-- Table structure for table `buyer`
--

CREATE TABLE `buyer` (
  `email` varchar(200) NOT NULL,
  `id` int(11) NOT NULL,
  `name` varchar(100) NOT NULL,
  `phone` varchar(11) NOT NULL
) ENGINE=InnoDB DEFAULT CHARSET=latin1;

--
-- Dumping data for table `buyer`
--

INSERT INTO `buyer` (`email`, `id`, `name`, `phone`) VALUES
('ali@gmail.com', 31, 'ali', '01221960123'),
('yousef@hotmail.com', 32, 'yossef', '01221960236'),
('gogo@gmail.com', 33, 'menna', '01221960236'),
('gogo@gmail.com', 34, 'gehad', '01221960123'),
('Nada@gmail.com', 35, 'nada', '01221960128');

-- --------------------------------------------------------

--
-- Table structure for table `category`
--

CREATE TABLE `category` (
  `id` int(11) NOT NULL,
  `name` varchar(50) NOT NULL
) ENGINE=InnoDB DEFAULT CHARSET=latin1;

--
-- Dumping data for table `category`
--

INSERT INTO `category` (`id`, `name`) VALUES
(32, 'type1'),
(33, 'type2'),
(34, 'type3'),
(35, 'type10');

-- --------------------------------------------------------

--
-- Table structure for table `distributer`
--

CREATE TABLE `distributer` (
  `email` varchar(200) NOT NULL,
  `id` int(11) NOT NULL,
  `name` varchar(100) NOT NULL,
  `phone` varchar(11) NOT NULL,
  `productID` int(11) DEFAULT NULL
) ENGINE=InnoDB DEFAULT CHARSET=latin1;

--
-- Dumping data for table `distributer`
--

INSERT INTO `distributer` (`email`, `id`, `name`, `phone`, `productID`) VALUES
('dist1@gmail.com', 45, 'dist1', '01286921234', 48),
('dist2@gmail.com', 46, 'dist2', '01286930872', 49),
('dist3@gmail.com', 47, 'dist3', '01286921239', 50),
('dist4@gmail.com', 48, 'dist4', '01286921233', 51),
('gogo@gmail.com', 49, 'dist8', '01286921231', 52);

-- --------------------------------------------------------

--
-- Table structure for table `owner`
--

CREATE TABLE `owner` (
  `answer` text NOT NULL,
  `email` varchar(200) NOT NULL,
  `Fname` varchar(50) NOT NULL,
  `Lname` varchar(50) NOT NULL,
  `password` varchar(20) NOT NULL,
  `question` text NOT NULL,
  `username` varchar(200) NOT NULL,
  `id` int(11) NOT NULL
) ENGINE=InnoDB DEFAULT CHARSET=latin1;

--
-- Dumping data for table `owner`
--

INSERT INTO `owner` (`answer`, `email`, `Fname`, `Lname`, `password`, `question`, `username`, `id`) VALUES
('cairo', 'gehadmohsen9519@gmail.com', 'Gehad', 'Mohsen', 'gogo1234', 'Where was you born?', 'GehadMohsen', 7);

-- --------------------------------------------------------

--
-- Table structure for table `product`
--

CREATE TABLE `product` (
  `categoryID` int(11) NOT NULL,
  `id` int(11) NOT NULL,
  `image` blob NOT NULL,
  `name` varchar(50) NOT NULL,
  `number` int(11) NOT NULL,
  `price` int(11) NOT NULL,
  `Found` tinyint(1) NOT NULL DEFAULT '1'
) ENGINE=InnoDB DEFAULT CHARSET=latin1;

--
-- Dumping data for table `product`
--

INSERT INTO `product` (`categoryID`, `id`, `image`, `name`, `number`, `price`, `Found`) VALUES
(32, 48, 0x89504e470d0a1a0a0000000d494844520000009a0000009a080600000051ff51170000000473424954080808087c086488000000017352474200aece1ce90000000467414d410000b18f0bfc6105000000097048597300000ec400000ec401952b0e1b000010ca49444154785eed9d6ba8554514c747f3918fd4f299ef0769059692905f2acdd0c4282433d2329232a424e8438a2268654181d0434813ab0f95a21684686516a129a2642fb0acec81969568f9d6acdbfd4dcd657b3ae7ecbdef9d3d337b9fb560b3b7de3933b3feebbfe7b966ed6675f5a24404818c11689e71fe92bd20a01110a209119c2020447302b3142244130e38414088e60466294488261c70828010cd09cc5288104d38e0048166455eb0fdebafbfd4a953a7d4993367d4e9d3a7f59debecd9b3eacf3fffd417cf5ca435d7df7fffad58c7e6df3c23665ddbdc9b356ba6b810f37cde79e7e967ee5ccd9b37572d5ab4d0cf2d5bb6d4cfdccdd5ba756bd5aa552bc59d8b744595dc100dc24016ee3ffffcb3fae5975ff4f5db6fbfa943870ea95f7ffd551d3e7c581d3d7af41c324549649e218f21917986403c1b9261f0e873946c860c8668866c104b2f4ed6dff91b77f36c8817bd1b12728f5e90af43870eaa73e7ceaa4b972eeaa28b2e525dbb7655175f7cb1ead6ad9bead1a3873afffcf33549b9e7418225dafbefbfaf76ecd8a1befbee3bb56fdf3e75e0c0014dacdf7fffbda1d530868cde4b5b1a4382e8bd1c51cafdbd9c010db992ecdc95a6a9f4efd2d6927f47896f5e00f372f037c86748d7bb776fd5bf7f7f75f5d557ab51a34605c9bba08846eb3477ee5cf5c61b6f68b04c17146d05a2440a125107952a2561b4dba7f8891327aa279f7c52b782a1483044dbbd7bb7bae9a69b74d7d7ae5dbb73c63fa18015723da2ade2f1e3c755c78e1dd5ba75ebd490214382a8761044636c3572e44875ecd8313d288e8e7d824029679580748c6719e76ddbb64d75ead4c9bb06412c6fdc71c71dea8f3ffe109259a2032f2a2f2c93a4a953a75acab569d978271a83fe9d3b77aab66ddb4a4bd6345b9ef36bc806a6dbb76f571f7ef8a1c59c1b979577a23df5d453d29235ce76b1bf6236ce12c8d34f3f1d9b36eb045e89f6c5175fa8cd9b376ba289648300eb6c9b366d524cb67c8a57a22d5fbe5cb56fdf5ebacc0c194017caa4e0c5175fccb094f8acbd118d29f8d6ad5ba5358bb7519353d06380f58913279a9c576333f046b44f3ffd547dfffdf77aeb45245b04c078efdebd0acc7d8937a2311362bd47d6ccb2373d18b38db565cb96ec0bab508237a2bdfdf6dbb9d910f6661d8b053329d8b06183c51cd365e56d67004f0494371e0fe9aa2da9d322c07e282e523ffdf453da9f5a49efa545f33dd5b6825cce32a1fb64a8f2f5d75f7ba9b997160def8c993367366c9ee380c8663abe6622761030db50175c708176b48464ccf4972d5ba66eb9e5163b85a4c9050f5bd7f2c4134fd4d53bf4d50d1830a0aede97aaeeca2bafac7be79d775c57a3f0e5ad5fbfbeee8a2baea8ebd3a78fc6bade6da8ae7e27c68bde5eba4e3c648ddb326b3bab57af5663c78e4df37e48da04088c1f3f5ead5ab54a1d397244a7663cbc7ffffe04bfb49fc40bd15016a23138c53de8924b2eb1af99e4a811b8f4d24b35c6600de6353519c09396b78bb1d9b061c384121923503f34d15883f9c18307332ead7cf6ce5b3406a5383aa2348b8883060df2a2782d153a70e0c086c571b04f72dec1363ece8906b9986122cc86faf6ed6b5b27c9af04817efdfae9ad3e66a23898b2a6e65aac120d6f8cfad98daa9fe52894e382489cd2b9e79e7b1a74639a8dd228cfdf44b245008c0dd178c9cd22f9b469d334fed8c8d80bdb61c3152b5658ad9435a2e11d307bf66c7d18d71ca435671b519299e5a2458b1a260168413ace2d8a648b00a7a10cb9cc586de1c285eacd37dfd40434674fcde1676cf8c8238f68ef5c5b628d686bd7aed515c6a3337a4cce3c5f78e185eadd77dfd54db739fd4d7afe5f245b04c0d82c27993132ce901c5a29672b6c08e9d6ac5963ad62d68846935ccde5878af3a6b0fa6f3c36205a91c30058b35213338238a6458368262c4435cf196c49a3604bac112d89bb8fe94aa93c0acb86ba2d33c6e703d6e5e28654fb65129bc697fc6f0a6b444b3a658ea6b3a948528525ddbf2f79127b254993144f6b44c3e5c78cbdca154ea5e92669924b634d24adaca4b383801997552312b6e4b89e2db146b4ebafbf5ed7a952e599edb0424d70926a84b4a598e4531e01d6d098e90f1d3a548f992b350afcff0d37dc600d466b44238a4daf5ebd2a2e0672449f759b6a64b4a69564541101d310dc79e79d3a6c4239818cacaf5d77dd75d690b446b4575f7d55fdf0c30f1567914ca5274f9eac377909b724e20701b0bfecb2cb144423104c39a16be5e01036b525d688f6d9679fe92da54a037c33eb61794396346c992f7d3e607ff2e4c9aab37e6c882d6d9e9ab24634548e9b45caba597a6264f10b136fae5adee6e494adf2ad12cd56a5249fe22120442b9e4d83d4488816a4598a5729215af16c1aa44642b420cd52bc4a09d18a67d3203512a2056996e2554a88563c9b06a991102d48b314af5242b4e2d934488d8468419aa5789512a215cfa6416a24440bd22cc5ab9435a289d76cf1c861d3a6d688c669e74a1e9b9800cf4e8e6f11e0c5489c5b51f14ce74fa328d6d8005b543b3380df2027d66d8935a24d993245fba2a30031cfa217211050ee99679e513ffef8a37e36a12e6d2922f95447c04440077b6cb078f1626d076c536a2f6c88272e36b52556438be265bb74e9d2730e09535148c5e115be62873f3ae12ebb77efae0f476cdcb851bb778b6487009f42baf1c61bb5d72c5f71e6b037ce8fb86a7ff0c107e7140c21dbb469a366cc98a1eaa3455aab9455a225a9154d3227a188cacd89698eebaf5cb9525d7ef9e5497e2e69522200c978c1f9443827d689b6c9e7155d7f8bdd2bd1c08c711d6f1ae48b9ea64e89a7242f41c0b862432a7a0e4886d42cd1509ed98d8f985db5c0ced2f301354db45a3078283afa229ab5596728404a3dc244408816a65d0a572b215ae14c1aa64242b430ed52b85a09d10a67d2301512a2856997c2d54a8856389386a990102d4cbb14ae5642b4c299344c85846861daa570b512a215cea4612a24440bd32e85ab9510ad70260d5321215a9876295cad8468853369980a09d1c2b44be16a25442b9c49c354488816a65d0a572b215ae14c1aa64242b430ed52b85a79219acdef4016ce22192be40b7be744e3bc61ebd6ade5785dc6842a973d471ac1de47cc13e74443d179f3e6e983acc47c107183005883f9fcf9f335d95c8bf393ea46c14f3ef9443df7dc736ac3860d3ad68348760840b2091326a859b366e98ff3fa106f4433cab66bd74ef5e8d1c387ee3553e681030774d4209fe2bceb8c2a4bdc0d5f83539fa0bb2e1b8cf9d4b84ff1dea2f18178220b4505607803f980692521304c870e1d7460985a10e2931c3972a42a611882d043940ef643180f7b211a04626cb665cb16f5da6baf69708c40325abae9d3a7abbbefbe5bcf4e4b5bbd162d5ae8afe33ef8e0833afc52d1c906c908f1c59896986544078a0ac42298cb4b2fbda45e7ef9e5ffcd2c7969a74e9daaaeb9e61a356edc382f6362e7445bb66c997aecb1c774303848122519e0412c40fbf6db6f631baa7befbd57ad5fbfde0b70b195b39880c1fccd37dfac831cc6c9a041831a308ca6353d04df515fb060817e915d8ad37e8737eee1871fd62d10f1d04a499656f1ae5dbb9eb31ec79bcf58a40857345031cf84fa6c8a8075e7ce9d75b7caecf395575e694a76a97febb4457be08107d49a356b54fbf6ed2b5694160d22eeddbb375699458b16e9b8b8842ac518b4848cdb6c46938ead440609d09ff198c182d69f1774ce9c39b1a50d1c38b0018b4a898f1d3ba6264d9aa4962c59129b9fad044e89c69bb47af5eaaa2d591aa23dfbecb3ead1471f55740718e6f1c71f57f7df7fbf2d6cbce6f3c20b2fe8c5555e1c82172f5cb850f1a2c64912a2d18dde76db6d7acce74a9c769db695a2658c46f76692501461568d9868dacccef32cb96ed108b2fcd0430fe91692ee92b7df0c86b3344ad66b7f0c01183ad04ad38d3219a0f5a1158a93505bb45c136dddba75eabefbeed3b34e5a36ba5da6fe591321ced84dfd3bbad03a4338742192f98a152b7408f738099568b9ee3a9904442379631406ba0c9ef37ca1837959b8a3635367e87104cdfaefb96ed176eedca9264e9ca8df7eba4e76189e7ffe79bd3e97d79927a462419b89132bfafc9b56faadb7de52c3870f8fe543a82d5aae89f6e5975fea956e8cc1caf9b5d75eab5e7ffdf55863e421c1edb7dfae774ef83e002f0d5f98193c78706cd58568f510d95eded8b76f9fde56a17be1620197b535c66c695ab4c68ce91af39b5896d42730837f96360e1e3ca8c79e5c1f7df491ead9b3676c1642b40c88c66767aebaeaaa862d17ba18c6666948166b390f09201be34f8604664b6ed7ae5d7a561d27a1122dd79301d6d1a21beaccd2586f2ac2852e46d0b1da6e4a1cf942f87baec768003864c8103dfdc730bcfdc3860dd37b7a79fde40f7ad065f2a54008861e4c6ebefaeaab447c09b545cb3dd1f804a3f15b632b6af3e6cd7a4b2acf72f8f0613db16118c05890167af7eedd89540a9568b9ee3a419e8316669b06af8d6a5f414e64a90012a183f13943b7bcafa10169ee5bb4d1a347ab6fbef9467f8a91494056b3c152fe65558ef18ee56e966d181e6cdab429d12b202d5a2298d227a29b8460c63018c72c096479a79c2cae523d207492d9667ae4dcfe22f72ddab469d3d47befbdd7e065cb46345b3879166698865c6ca88f1f3f5eef75261169d192a0f45f9a3427a9f1d435eb66908c055b260779bef03d431784160d1d934a1aec92e669235dee2703a67bc4202c05f83a206bc318260ff634a3075042254f1a9d83eb3a210cfb96b8ffb0df57ee14140ab26a8ecf1627a18c1b37b3b511234668771ad6d6b294ac2603ac997142ece38f3f6e8851c2da1ace0203060cf8df09283da3fbef1414fe79cb972fd7fba3d5c8e9c3c33638a299ee02a2c41da333414bcc0480df42b6bc2f71b06463e26340685e24748aee16947b89480751e35a40215a043db3515ead558a2e0564d97af9ce3bea9b1687471cc9f8bd0fa2053b468b4ef32b2d2398f1996f22645dbed1336e392509c9b2ae6ba5fc83259a2f40a4dc6c1010a26583abe45a8280104d28e10401219a1398a510219a70c00902423427304b214234e18013049c122de4751e2768075448dcae8bedaa3a259af186b5ad84e4970e01761a5c4742774ab42e5dbae4fe285c3a9386999a3d516ce1529c12ad5fbf7e15bd315c2a5dcb65d19ae182842d5c8a53a21152aa4831cc5c1aca5659108d210c9eb82ec529d1faf6edab8ff5e7f5cca54bc36455960986832d5c8a53a275efde5df5eeddbbacf39e4ba56bb92cba4d6c409c1297e29468283665ca94dc1f1e716920db657170e7aebbeeb29d6d6c7e4e3d6ca90d877c39a748f729e3b558fb584d406b869b37a7de5d63efbc45e3a02fe1abf0f2cccaefdeaa750a9299f9ec11672c5c930c089db768c66e63c68c517bf6ecd16f9848f60870e087407e494fbcdbae9137a2f18186d2ef4025558ed630ef075092ea5a9a8ea589c6c4e20033c6c78b172f6e6cd14dfa9d37a211b67dd5aa55a9410330be01458b586b648364b4481ca94b4b3670e3f8225f9af121b9231a511ef970d9adb7deea032fef65ae5dbb56cd98314375ead429555d7c13cdf96420153a151233dea855c9abeede88d6d838b3e6406dad12ad29a1b91a8bb90dacbd118d6f02108825e9128721185d80ebed131b40dbca83557db33494063bb0eed5ab97ad6aa4cec7db188d0fca4f9e3c597dfef9e7892b8de3e4d8b1631531266a59c08d4941d2160a4212db97c917db803ec41bd15096ed1062ceb2625dcdfbd6844760a6c56c534469a2d1b2c59dd6073b166889899b76a66a1367af44b3a988e4153602dec66861c322b5b38d8010cd36a2925f59048468420c270808d19cc02c8508d184034e1010a23981590a11a209079c2020447302b314f20f65353454189ae02e0000000049454e44ae426082, 'truck1', 10, 50, 1);
INSERT INTO `product` (`categoryID`, `id`, `image`, `name`, `number`, `price`, `Found`) VALUES
(33, 49, 0x89504e470d0a1a0a0000000d4948445200000080000000800806000000c33e61cb00000a41694343504943432050726f66696c650000480d9d96775453d91687cfbd37bdd012222025f41a7a0920d23b48150451894980500286842676440546141129566454c0014787226345140b838262d709f21050c6c1514445e5dd8c6b09efad35f3de9afdc759dfd9e7b7d7d967ef7dd7ba0050fc8204c27458018034a15814eeebc15c1213cbc4f7021810010e5801c0e166660447f84402d4fcbd3d9999a848c6b3f6ee2e8064bbdb2cbf502673d6ff7f912237432406000a45d5363c7e2617e5029453b3c51932ff04caf495293286313216a109a2ac22e3c4af6cf6a7e62bbbc9989726e4a11a59ce19bc349e8cbb50de9a25e1a38c04a15c9825e067a37c0765bd54499a00e5f728d3d3f89c4c003014995fcce726a16c8932451419ee89f202000894c439bc720e8bf939689e0078a667e48a04894962a611d79869e5e8c866faf1b353f962312b94c34de188784ccff4b40c8e301780af6f96450125596d996891edad1ceded59d6e668f9bfd9df1e7e53fd3dc87afb55f126eccf9e418c9e59df6cecac2fbd1600f6245a9b1db3be955500b46d0640e5e1ac4fef2000f20500b4de9cf31e866c5e92c4e20c270b8becec6c73019f6b2e2be837fb9f826fcabf8639f799cbeefb563ba6173f81234915336545e5a6a7a64b44cccc0c0e97cf64fdf710ffe3c03969cdc9c32c9c9fc017f185e85551e89409848968bb853c8158902e640a847fd5e17f18362707197e9d6b1468755f007d853950b84907c86f3d00432303246e3f7a027deb5b10310ac8bebc68ad91af738f327afee7fa1f0b5c8a6ee14c412253e6f60c8f647225a22c19a3df846cc10212900774a00a34812e30022c600d1c80337003de2000848048100396032e4802694004b2413ed8000a4131d80176836a7000d4817ad0044e823670065c0457c00d700b0c8047400a86c14b3001de81690882f01015a241aa9016a40f9942d6101b5a0879434150381403c5438990109240f9d026a8182a83aaa143503df423741aba085d83faa007d0203406fd017d84119802d3610dd800b680d9b03b1c0847c2cbe04478159c0717c0dbe14ab8163e0eb7c217e11bf0002c855fc2930840c80803d14658081bf144429058240111216b9122a402a9459a900ea41bb98d489171e4030687a161981816c619e387598ce1625661d6624a30d5986398564c17e63666103381f982a562d5b1a65827ac3f760936119b8d2dc456608f605bb097b103d861ec3b1c0ec7c019e21c707eb8185c326e35ae04b70fd78cbb80ebc30de126f178bc2ade14ef820fc173f0627c21be0a7f1c7f1edf8f1fc6bf2790095a046b820f219620246c2454101a08e708fd8411c2345181a84f7422861079c45c6229b18ed841bc491c264e93144986241752242999b48154496a225d263d26bd2193c93a6447721859405e4fae249f205f250f923f50942826144f4a1c4542d94e394ab94079407943a5520da86ed458aa98ba9d5a4fbd447d4a7d2f47933397f397e3c9ad93ab916b95eb977b254f94d79777975f2e9f275f217f4afea6fcb80251c140c15381a3b056a146e1b4c23d8549459aa2956288629a62896283e235c55125bc928192b7124fa940e9b0d225a5211a42d3a579d2b8b44db43ada65da301d4737a4fbd393e9c5f41fe8bdf4096525655be528e51ce51ae5b3ca5206c23060f8335219a58c938cbb8c8ff334e6b9cfe3cfdb36af695effbc2995f92a6e2a7c952295669501958faa4c556fd514d59daa6daa4fd4306a266a616ad96afbd52eab8dcfa7cf779ecf9d5f34ffe4fc87eab0ba897ab8fa6af5c3ea3dea931a9a1abe1a191a551a9734c635199a6e9ac99ae59ae734c7b4685a0bb5045ae55ae7b55e309599eecc546625b38b39a1adaeeda72dd13ea4ddab3dad63a8b35867a34eb3ce135d922e5b3741b75cb75377424f4b2f582f5faf51efa13e519fad9fa4bf47bf5b7fcac0d020da608b419bc1a8a18aa1bf619e61a3e16323aa91abd12aa35aa33bc63863b6718af13ee35b26b0899d4992498dc94d53d8d4de5460bacfb4cf0c6be6682634ab35bbc7a2b0dc5959ac46d6a039c33cc87ca3799bf92b0b3d8b588b9d16dd165f2ced2c532deb2c1f59295905586db4eab0fac3dac49a6b5d637dc7866ae363b3cea6dde6b5ada92ddf76bfed7d3b9a5db0dd16bb4ebbcff60ef622fb26fb31073d877887bd0ef7d8747628bb847dd511ebe8e1b8cef18ce307277b27b1d349a7df9d59ce29ce0dcea30b0c17f017d42d1872d171e1b81c72912e642e8c5f7870a1d455db95e35aebfacc4dd78de776c46dc4ddd83dd9fdb8fb2b0f4b0f91478bc794a793e71acf0b5e8897af579157afb792f762ef6aefa73e3a3e893e8d3e13be76beab7d2ff861fd02fd76faddf3d7f0e7fad7fb4f043804ac09e80aa404460456073e0b320912057504c3c101c1bb821f2fd25f245cd4160242fc4376853c09350c5d15fa73182e2c34ac26ec79b855787e7877042d62454443c4bb488fc8d2c8478b8d164b167746c947c545d5474d457b4597454b97582c59b3e4468c5a8c20a63d161f1b157b247672a9f7d2dd4b87e3ece20ae3ee2e335c96b3ecda72b5e5a9cbcfae905fc159712a1e1b1f1ddf10ff8913c2a9e54caef45fb977e504d793bb87fb92e7c62be78df15df865fc91049784b284d14497c45d896349ae491549e3024f41b5e075b25ff281e4a9949094a32933a9d1a9cd6984b4f8b4d34225618ab02b5d333d27bd2fc334a33043baca69d5ee5513a240d1914c28735966bb988efe4cf5488c249b2583590bb36ab2de6747659fca51cc11e6f4e49ae46ecb1dc9f3c9fb7e356635777567be76fe86fcc135ee6b0ead85d6ae5cdbb94e775dc1bae1f5beeb8f6d206d48d9f0cb46cb8d651bdf6e8aded451a051b0be6068b3efe6c642b94251e1bd2dce5b0e6cc56c156ceddd66b3ad6adb97225ed1f562cbe28ae24f25dc92ebdf597d57f9ddccf684edbda5f6a5fb77e0760877dcdde9baf3589962595ed9d0aee05dade5ccf2a2f2b7bb57ecbe56615b71600f698f648fb432a8b2bd4aaf6a47d5a7eaa4ea811a8f9ae6bdea7bb7ed9ddac7dbd7bfdf6d7fd3018d03c5073e1e141cbc7fc8f7506bad416dc561dce1acc3cfeba2eababf677f5f7f44ed48f191cf478547a5c7c28f75d53bd4d737a8379436c28d92c6b1e371c76ffde0f5437b13abe95033a3b9f804382139f1e2c7f81fef9e0c3cd9798a7daae927fd9ff6b6d05a8a5aa1d6dcd689b6a436697b4c7bdfe980d39d1dce1d2d3f9bff7cf48cf6999ab3ca674bcf91ce159c9b399f777ef242c685f18b8917873a57743ebab4e4d29daeb0aedecb8197af5ef1b972a9dbbdfbfc5597ab67ae395d3b7d9d7dbded86fd8dd61ebb9e965fec7e69e9b5ef6dbde970b3fd96e3ad8ebe057de7fa5dfb2fdef6ba7de58eff9d1b038b06faee2ebe7bff5edc3de97ddefdd107a90f5e3fcc7a38fd68fd63ece3a2270a4f2a9eaa3fadfdd5f8d766a9bdf4eca0d760cfb388678f86b8432fff95f9af4fc305cfa9cf2b46b446ea47ad47cf8cf98cdd7ab1f4c5f0cb8c97d3e385bf29feb6f795d1ab9f7e77fbbd6762c9c4f06bd1eb993f4adea8be39fad6f66de764e8e4d37769efa6a78adeabbe3ff681fda1fb63f4c791e9ec4ff84f959f8d3f777c09fcf278266d66e6dff784f3fb323a597e0000000970485973000016250000162501495224f000004000494441547801edbd07b41df77ddff99b767b7bf7f5820e10200982048b5845522c9625d98abc9276e5a2123b6b5b8e9c8d9328ca6e7697493665e393e3b3b637c9c971951dc51bada2ba946549142991a2d84910207a79005ebfefdddeef94fdfc06b8384f20580401142860701e6e9b3b77e6ffebdf5f19230802b9b25dbe2b605ebe977ee5ca7505ae30c065ce075718e00a035ce62b70995ffe150d7085012ef315b8cc2fff8a06b8c20097f90a5ce6977f45035c6180cb7c052ef3cbbfa201ae30c065be0297f9e55fd1005718e0325f81cbfcf2af6880cb9c01ec9f86eb37d8a86bf8910b1bfeddf51f1b597b83b32388795b4ca71b4f8ca51c37628bdd762542a2d4d2ffeda424a256d06bf69ab615049d464fa459974ebd2786671adda8d3cbfabd76a55e37f41b3516d4f1bbfcef8be9f6dad58ed94b9881d1154f2ac5ba74a3b63f14449aa56643a2515bdc4454ccb81d540b4b2df1a37ea1d71325ca8a59ef3edb8ded79eeb9e79a179346ba7017f3f817fdd84afcfe8fbc1e13e87ebf1e9735375fbd76c7c4351b6e1f9b88dd9e1fb4ae4d255323e9d1a84067310d5f0c83e5f73d11af278144c57339bc6df1d2e7b5ae5520662410bfd116bf1388c7ee76d714b7cd7ea627aef4241a31c50f0cf19a1d69bb1189c66cf1216cafd3925e109588c5feecc7eeec674b9030a5d7e5784d43ba1ca751ed4a79d1976f9ea87df34b330bffe0d0f1e3aff4aff1423fbead196035f175615633009f997f373db4f9a67beede39b975ed9dd9b8f18edc58765b36ba94cd8cc6c4cef8c8685ddc7a570c886a27a064af2d50407cc3e1603db1ec9eb83d886d2625e876f8054f8ca8298665f399277ebb0361610b2321a6cfc7565bdc464b24961427c2de5d88cc3f0e25be6d88edb812c0503e0ce138585fde779bbef42c8b7d02e92dba6255d8b76789cb7e8ba5a67c755fabfdccccf2af3c7cf0e07fd36bbcd09b6a9b9fbaeda14debeeffca271ff8e75beef9e8cef1eb6e4964462230079a3491430a51c6ae2b5d5309d042ea0d2411268866420608907e2b688be940f400aad64b100e6af234f03b62987108df10f4b7189d8a585e4d023b2fd25e12d3c42c40b880df10ab298e698be140f04a0d06417bf40a22ad59096a55a9071d692dc35ccda4786598a0eb4b0abeb3b2067f1129d5abb2ab0833c57ba551cb9abf58447a5b6b005d14d5027dc9d7e7bf367acd7df7ec88ff970f7d66c348647c93789da8b8dd26446b8b15455a2df4aec4f92212dc42e507ae98b1a8580e52681a62c490585f4d41149afbe2413813a9970eb262f1d52444f5209c12d4c8889554dbc1f1bc28d2cdf14d76f251eb7e8ce30e89816df1db0518212346eb84f8c543d25b9893e64c53aafb0a62fb3df12db44dd292583a9022e6e3e5e9963cbeab26d3738d436365e3fe3f9ddd7d52aff5626c6f7b0dd027be2ecebfbd75f33f79d7fbdefdafaf79e07689ad439cca35b17a5db13dd4badb82080908c57398c046e2bda08acab771d6903468ac36de34d10610b2d7c41c60c72d6cb68102900e0c63f4a4d36d8883caeef59a6241ec2002b360d17d0fab8e095149b7e33092094360e4512ee24650ed290b8608c4f03105e984385329892d8b44d0122decc789959e3cbfbb2d2fedafc88688233f73d5a47cbdb5d0fca3bd4fcffee9c5a0fce963beed1960f5dad4e2e9c1139d97960efef5b3d154d4b13bae278e9d44c977ed9e6d445ca4deb67d49581009151e515b6e22ab4ec435a319cb77bb56329b15d7b324814f17d86989414cdf80e80359b44756cc36561df3108d417c881e04268c04ffd88ed8868b9a47a3104988330863a46040a41be632ed04c43faa1e3fce6149a478546a564b5e3cda951fbcbc8c1369563bad546773c21cde72555eaed9392edfd93563ff364752f65b7d9d17f2f94f1503fccbc7fed63fdef6d81ffd9b119948e4325eb4556d1985680135dec8dcbc3efaf98d13d18d3345082ffe43cf4e1f7ec4763b6e3ce97a8115eb8c8e6efa78d66afd43331291245e1b4a5c0ee223c49dd65f66e2b517f3c3034d2b39e07aad6a2ce2b49d7c2e2fe9582cd1ec349d482a16af076eccc11b6c794e2230ecb54653ded984213a3ddb4b0d3b2fc68824f1eca289886f1a3d275a2907d6cb2f556b5ec34fbd6b537e6ba954ff4e2d9aa94fe513bf62a0017a6821cb11f3faf5ebcf44391792f0fd63fd543140103c84abf6d00a17a77f67365480f1c90d3795eef89961f9dc975664ebb5b197ffe0e5d9ef9fd98127bf7ad7af4eaf4b4c4b82b06cc468cb44de90437b3ab26b77e7cf5eeaad3cba7adf377afe171f7f64c788f927bb0e970bb2b2506f3fbb7be6e73f5f3fb6808ba25e04045dcfba6b7cf97bddfff6a93ffa873b774efedbe7bfb510ec99c7156cd565c01ec1fad852775deb8bd3d3e627dee8077f8ccf7faa18e0f5d6c149a43ba6199136a1597945bdc01fde62d974d06e62a3bd8624f38e0c0fa725126962ffe7080f5e7f8392c66f7ee8961baeb2ca5307eb356877fdc487aeb6fd35d998994c9ad1954cf7a3bff4a1c9afe1afec3f7d246cc5a9ed914fff59d489e6c58b14cc6aa3dc6de108367b0d4241fc8948d4ca8d8e72f88bb7619d7efa37b0aea0e7b53a010e2052882d6faa24fed0d6893b5e8448c042400340203b0322087e977562ea02fed0864251a512fee9071fbcffbdffcbf117ca4fbffc6cefab33bb235f9bde3df39f6a15d021809f76cfb07b0bdeef169e4b3c7bffba2d1ffda103f162a5ea110378d26ad7cc443add8de1a8363a2832c50f4cdf3ce90f5d5406b86c3400b4e826239664b0af4d455eceda066dd335f0f42ddf918e6b01f582f0696410c70b3cbd1dfafd4f3db83c67fefaef3fffce894c7ac03976f278e7f7f3f7d47215f7ae881d779cc45a098a33b2269207e153cf8fe840c33c3b2629a39b2ab9edfff3960deb776633b127bffddffde217e5a1877c18ce0e3c5372b1a4613bb1ae67d6c4c3f8075170884ed78c17e62faa905e360c205dbfd3757da2395f9226eb7ed6d620961b1bb0a55d6c849ebdd3c383c7b3aff9cdfb3ef4e0b88c6426473f9c1bfddf634130b4c632647c2029f57db6dc765746fc27aa32ba6d5852ebae925ddf2bcb9d1fd821bd99e3d24a10fa495bae4ec6e51d60055f3c393d517383df01edfd9d8f7ff6b31ffdec430ffde77ab51778ad96249311a359afb4cd1c6e3f1186329f87cfb024c5330c78d6295f9097970d030451a36d00b218c4f60b47caaf6200b3e9b93610b0fa693d6c8615c1065bbe345bbddf98df1dfd8d52a428cfa7452689db33836929ec9b23444c49e1d9bac4d0d8d1b22df3c79e9509c0a4b9ef1d90d4045842fc94cf315faeca4890161f4451b300a546430e05f299f76cbcf6fa5b36c61ebc157bbfbfdab875aeb974f59ac410f84593dc43473238105bd766af68800bc1ea1e893ccdf3b840b05698f1f9e1a3d69bd526b02bf800b1178c027e04b2a701b885e3c8bec8618f37eca4aa775e2ba0834f11047171785fdfb2a23989fa3571cb5d698dc52446be004850a10169912134d11c1ef6bd050358c9d4f6a0dbdd3e5744d21744e68bded05ca135d41d250c8d46241e6a01cf6a79a92b0cf0c3a43abf57e968ac1d000c7590eeb61f8663670ef41fef7bcfd69fdbe8fdbc49dc7ee8605bea26c9a2785c22c0c216b901af1b10b4a973a8ce9927555042456724c67ed198f490f0aa436a17f8b807e0637b10be5d955814289894af9848b4660739ae0103c663718927132163b4e12677c4923836dfb64912692ab98b16f21b1213cb8a05c92b26e00ca57e8c27359f9587889178520aa50ef434ec7f76ef5d0f5cb726f389fb6e4bbf3791eaa46b254be6d386440dc20652be01b9fa981d957c2226b8641245e537c9e30b091e0bc7ce2767e08313b7dc1ecaa343a851c7e18b8b8baaef743a62f39eaa8f08e89f53eb911cf2259e4a4997448f5faf4b363b2c714525d1330e10738fef44d018b76ecec2347112563173c5c343bc88db65e303343a49d697ac60d4904c34fec127fefe873f961f0c6e8f60930f2e1525598fcb865c42f2f9aecc1eabca378e18d25ee8c975d9948c27d2522e55a481adcee2a177032d15c1c6578be227610464d4242f10c767684064d2fba48c4d89695d007e8586969a81ac35aa688cb85c65c56500069b07f469a733e29a6919cc65e5b6f5e372ddf5039259634b697a81fc42d7ccc651431771bba807bf88e7fd231fdaedd6bbc0fee4f7bb329e9207b60cf8b7c79a9eec3dd4916feeb2e44f1e3f21279651db58877d959ec2bcf2bebb6e9389684a56f0d297882393093c7ec2bb38448dda00ca48bf4b1d502e41fe80bc420f8dd0c1e0f71a75fc05880f3304e41e1abcbfd06acbfb37df2877a607c94598b214494a91248289b631b127c3688d9fbb312e1b4770404f903c2253e9fa86d1a9bb179546978d066875d0c731955443a6179bf2fd178b52a548c3c5aedf7c6d5efec39f2fc83753864c0ee765a5eec9caa165395c3c2e870a0da9aa8a468e8b2b0b78fe19ea0770fe348b875d6f40d862a72923a8ec08ccd246ca832859477c0dc337c5eed4a4e67665cd54566efad056f9837f3f2d47146468d7710a4d69e15fb4c11f26f1f5320118c46c4f0eb41604d81277a36b183ea0c445dc2e1b06f0db56cfa2aceb176f1c94e0dd6b71d947a4b06b468e3e3723c18b73d4fd81fcc5f2126473f27377b10f2e4316ef3edde822d1848f5d0a47baa48d91fc0aa53c3d56ae85da3e8a9358f10c3c7b5752a9040c65407057a2948bb53b540811f82561ba1cb5848fffe7476586ba8428f8421b5fc283699a2d0a545aae64a90798a584ecd91338851557360d1292dab06b84d4e445dc2e1b065893ca74b2e4ee37dd1b937988b6f7e03e165ce36d220318c34ce0bc6985cf72f394374efe3e819d1e4b92d7ef01cb463cc88ecaa738c44e38924cc7e58ef1b46472a624549350bed5c337687959692d34a45b7665b60b71034c85dd9506a5671d4c8143aab8863fe1c104f1481467b10de0e3c872b7267ff3ccb26c8ea4e5d61de3619dc1130bc78ce5166ae4226e970d03e0b8d55f59eec8d1230539bed797adfeb0fc4c668b3c153d20c79d9e0cd756e4c67642764646e558b92c35caba06f1f68707f2d4efd9d2a81508213d2982262e521fb86454e4409eacd29827a31b92b2699b296bc6a9fe21d4b4273135ddac2c3e5596aed19165ecbb15b4648ae304b59678e41a62d9418a3f4b3236340aea674905e6d8164bc8f51b7330146964aa97e2d4ab8d0ea21a2ee2f653cf00847bc6a7775cbdd3f423f73ffb45433acd9e5c4508f70b1f5e47a1464e8af3f38464cb72cff81ad9313e4e4d68570292422860191f1e94d4e000e89147dc3e4614694a1e357d1d6efe42b921fb8a3529cff2f84c559e0625bcf1ae8edcfbce9cd8d8731439611f5001eabf87e958a68a78986c6484cae32461a50d26d0e175abba82234884aa9a026fd0224de16430115a0312c918bda07c45039c8f00fcc6fbdf35b4b9e2bfffafdef5c0c7b64c8edd3ed58d4616a60fc8771a455993cf81cd80f01517650808ef1632709343439242128f13a3f7da3519cd0f487a7084989f1d70f81c2deee4a9e1f872bc5a9623cb0599c17e77223188e549a6e6cbfe876bd26a45e567df9b255240dde3e4a94650cca060b7652391053967693471146b3392a2cac8c114b4d4218451e2848df1180cc3ef044415f1a86d44bd2b3ec09ba6ff5dc3467ad3c8e6cd396be823378f0d7f64eb707aed6892383bedc93154ffbe4a595a8479d9c1942c1d59946eb52179a47d203f2901c59e4b8b2b5200e51b4aa76562ed14a5e0388080331d5477b15693b96251e66a98814a5df01e422269e9e804999b614ac94c2b223f78aa24f08ebcebee4c58efef117aaa435f2652a8361dfc0a8a45917c93df556d43df8804b134dfa5463c02bc0c30d42360d182f21ede67b753b962025e8b033e75e79deb6e1cdff09ef17cf6f6c1786ce37ffac5df9cea98c6e44062c089a592d4dc53f74f6955ebf009a923d9562a2357f1fe6cb32baf149765a9d59174dc91b4e60756f0e421780c759d44e2f7ccce4ab5063a479f400927b145b8574343b4ad98d4d1100e88de7aaa89b7800ebaf8060790ea06d544f4f9c8ae27abf28eb51900439c468e65501c5a27643c54a95020ca6b9c3f4b09adcd258904bf43d93855c72ea5e1641bd81f0d4028cacf195ee24a32e855f4ffe4f8c6776cdf34f53fbe67fdd82f8c0dc5076314677a1e8b4b7caea157b9bc4465af43c52dcb89d316acb464009c7e94c2fb41e0dd3a7e809b1a907a4a64bad594e52a361ab5bb0203d4eab46c154b92cae66580e3261d903ffc812af6b9c3eb04c7bc7e784c0649d874d026fbd11873f50a526dca0080ce407a00d0a7218b07290601048a514fd245631850b393c25140babb14856a6e214298e970ccb84a3b8922c5155a44123e3041cb0c881a6c130d7445032807fceeb6bbd29363030fb40deb6fdfb865cbcfc6d2a4edac84ec2fd424829a6e01a6b80dcaa9b0b1685ddab370f890dc049e7514296c00c678b58a44965cb07d743412d8a658a3a3fb03d60c908c19c45b6f03edd688e117e825385aaf511514c8603a274374fb6c84509b310f6d9e1f58599685368a1a68378d5467d94fb3785a1a5ea59874b995a298042d542f4baca37d841a46a209808d03cc4094c44f1ae29b00462e4c1aa31835c2713ba088663a45c5325946dcc3442bd05ce445db2ef928e0e69b6f76ee4e787f7fe70deb7eadd06c6d2d03a4d4c89865dda4ec3b59a489920aeb6a45006341e232a86cb5cd3000089b12cf6fac481a842ea6593992742908e644c9ca419052177c1e1f6bb11191948beda7165cb37f4e242e2384817188e403fc2ca1fed7a2f22720d0ee6a5d4e2e15e8f9f364203728516c79da8f4a1a3f21826af7f0ea35d258a9013cd25348d9b938f128ce240012dac980e806e5e91e8c9248e6c42029e4f8d41ea24db42f418b951696a84b4463f402db38916afcf7bffd812d937ff8cb3bbf2d1ffe3c577061b74b9e016e10ef97220343bffbf93dfba5b20c8ecfe26dcd66e4c18dc33234b65d9a4bd3f20d24f6706151362671cd204c666292789d306be5a844b223206ba8793cfdd2fc318952ce5df3cb32888648010da7e231d9944c8903c18b2d4b4eb4602074b02680eec88c50099492c3f4fb3dbeb4200761860c450593e9ac1c6b54427353ac9220c24cd4d126331d17c9c776abc9a0c4281ec734b569fa45965dd4bd07ec6c023c39388b2658808339d8319997d1445756562a52264ff1dc32d803f07f3dd9a337b068e4cdccff569996ee914265f32691931796fc009b17fa8017fa789bc6b2ef7ef2e8b2344bbebc3b97c3ceda9243b2c7ef1c92f8c01ab1bf7a4ceeca93ad6b556412a2c5099f9c61534ab36559379490b1ad23b2727c5132387b196344368ee628f59e93b5764a5ac5ae24233dd9b8991affd1eb6565ef1e2ac712f2ccfc0ac9196a0781761f5f9897b215c5a1a3b80b891e546926c9b384eaf62a25a1e14b6690d697eb2d42c862c8386bc90574310f36a96470430a507cc940f8a181140c65c9fae1848c50fa3d928ec8163253493f2e27a8295858a8869f1da58368ffa1a698cb6d6a09f1153af2854e21bb78a1d7568f77c93340b2dc8935cb75eaf57b32a8761667cd494664f1f993d22e1c22a7e24b05474b63746ae828a38aa129c0e551ef872b5d9979f6801409bb6aad02b6d69371a2ad2c706e9af83b998a508c69c9da494dcf625a280bdfa44d9f939b64576551661617701ea9ff8d9b60f569e2f5b654a8e6a9c20c23d8133b93957970ffaf2d2ff0cac46e4784365134882f65424c333e4863290820d27efded57c9388d9f29ea3b86681b4bd052e8913134703ccb4b4423d40d5ebd71509eabafc8ccdeba0c9a302826652a6afcc13f7ef0be7f32f5d0ef5d145fe09267002a2296c9bf8569d3a8130f2562b94d9bf6528014a7253d969099d2926cc6c64ea16ca314679c2485de85592c7a004d10b7311c3e878a60cde1973b0d89e3e127f001423f0027fbe80bb314815440fdb2a1373e093a7814a90e5cec78248104b6f12302a903edf9f81811cac5bba4724fb84d290010b5f11f8631171d42c82e6a3d03f650c214b450e53a04e2fe097a0c600edc059c447c001e5d7e3f81e3d7c609d514f3119cd8ef9600920e57614ab28a5650db921ef847ffe299c7fe189ed252a48bb25df20cb0213b74f056ecabeb27654d362a43d8e4f53004dd5512c3a6626a6513106e324d1b170e940e65d886ba1da36bb703d13b38729aa79fc43404a87b07e91b88a62587bdb56014e630c84ab342af5f4b2aec53af76b0cf862421708de34f50461ee1b7d4049c44ad97f0e58b4d5746368cc8ceb5717972d709698105c4c0024c9fda40b411ae27ff7020619c164e5e7a202336219e10f7c780f6b5224d5bc98b688f631418ed41d3ec9d69c9201dec662a07146dbcb831697dea5f3cf9d8931785eaab0e7ac933406b657efefd3bd292ba7a0d65f6245508a1022da4c0bebaf11119a0c3caa38ad6f75b78fd2a614d54ac25c378f33d503bdb88112242783e73a9e0e931fec5c1f16b22a93e91c21879fe918121de6f50cb470e1f5f61d188cb26a4bb0491b23090367e46f1de2340b9bd7820f7dcb6964e1e5b9ed87b42964b6dade99738a0533a9925531813afd1942666c74533e8fc8156134d00e3f4e209395caec85c19a49fc8c2e7fd4ed5e70c1cb906f5b08b59032bf5ca97debbc9f9d8438fee010db8f8db25cf00ed88d37b0631d93dfd342195365000a732cd233190402d6b5f3fd5b74ceac820cd46cea2ad2b908ca955376989a649cab0af81c7efb2c0768faa5d24ce26f48bd1f963e008c62340b848776fb1823da6780360a8b16749f2f58cb4e8ec4d4552388f223910c4bd78eadb36270170a8012c74e46a30860530fe14929c233230c11b568077938491554af9e641f316d03e8fcea23774c248db927aa12a69d0c424268bd3921235e5151049ae44b2689bc56a63d7438f1e784b88afec75c933c04ad70f9691e66fe1d58f208d1116bd0564eab51643c0259b1de235d3389052af0128c4427ee49a2d7223b1bf4e00e9e1813f020cfc149f99e00736fbe521661c494ec0149348afcdf163d4036499cc41f3b68c7294142a83ee1f99a284cbf450cf59ec381a2520adbb01f8766a30222f1f5e02b5ab4a84c29061aa889bf41d7afc869a802ae6e4eb2f2ec8e6785a2ae41832e4fce371b05d18b68ea6a916cb324af1c9360647ac19a61e91c2d16fd49bd423e2b0bc85db25cf0015dbf09b386319c2b207272650ef845548be89d477804f9b3857ead02d51dc111919e4b3846c1dca82b2110a02c628c0d201a8390156bf03878ee93d60ef266125d2e975e408621880edbbd86e2df7b689143e7cd57ad9802d9e2fcc493a1b537690482a4a456f07f55d23c55b97f9f188ec3f59063c42131112a691740ba72e2077d0214b18c369b475b814c47439c7287e455a898d23b9616050d673ce399d4ca26a80aa52ed19b0c114fc568b38e5addb2e7906a8b5dabecbcc1e17af1efb28eb32f44e61575d54bb892acf62ef9b48fa38ce212e388b9a90b8e2e98adde32c6a2a36eaaec810e1e12642b98d8a08c21443432352c249eb6879766c4aca00360d4c004080dcf9ae0d529da6de6f7e9628406bf44d7976653164985c2c17368a3cfce482ec9ea1948c786e89b2b119a4de02a36810f225809d47a818ba3a9142730cc8354a7098d64e3af2c8fc82e4064d19f7745e513d1c24a5f5853dcc900d030d98ce451b06712eb6bae41920654783163637cae8164da3b6d00426d25647590778deda37137152612dbf074aa8b6d664b15b207b358811611f2dc2e881e69531212b4652364c9022068af5091963a8ea12c95d9f7dec00db4c3ede5dc479f3b429d8908330d52bf327a544955001bb3d0161ebe4189698f9c79840a9c244319a3c2a60fe280ff40b3e0815bfdade7dcfc406d93e3c2ccb7c77a6c260a895ae3c3dbf24b36e1a66180b3b840cae4535d9731eb907cc4eeafad11bfe87df7ee003f55e2b204bd96a79c9b6e7961ad9a1f4f2e7feddf78f2b11b5c865f5689c7311f6cdbe77c933809d8c7b0a9f060ad1a22da99244b2319330450735eaa031f3386055163f86971e01d889a4f2386c05f9b363c7e556e6f1dc48026723b5bd8ba480376d1b12eddc8ee3855bd8655a05a45eacc04c40b7e4e53d26810578e731ba842b48f5f47251ae191b970e52fc6787f64b09706994bcc0181aa7ad83a70811bb841f1d2d04056e8e11050ce20fc450eb9552595e24f57c8cfd021cca1668558914b355c2d9736b727861569631308b38b74b57db3276ef900c4ae4a3a6d9f968c2538d56911ccc547723fedaf17cedde8fbfff73237f7df43310ff823989973c03b8ad66d0453ab414dbc161f351c98e1652209951e27e1362b428c818c046fb84881303147782d7ffbf8b27a4499ebf161d931918e5b6b109791880a78424c6880e6a207aead8d954fb46817aeb48621b672f89d3d6245d9b421d57209e1221e325649a9c7d0a33546c81f8a1e26fa254ec17d60dca55db72f2d52325f9dcf7d11a2499c6f9ad1d440ed364129faa305bc8a16c1ce6d84e465147d04509417b3044833ec45d15dad0ae73e4aa0fae93317ecf23f157ab814fd05e16709d0920e1b645fdc262d93cd6a98123b67fcbffd0f0831ff8f99b9eaf4f973ff7c89ea30fffb89ae09267009af47c9f6add2a69d20aeab787cd572c2081b36762cf6decb943299587673dce48aee1d8b0fc9ba75e22de2ecb1d78f19399b8bc5c2aca2dd8df1dd8fd2728e5ba07e76f2a37ccc4d71612accd985aa5436888cba6bd831630ac49cc6ee2c4b5f133f02aa812228ddc4a8300f6640cc679e09e09c94ee08f341764fdb219a692373145ecfafca014b43b0820cac1077031118bcc1adc4687510fc73582b41f5a5c964e3e2ec6bd13141078320f86605090d2c3bcb9964e35237d448f400be02a3a2cb2f07d4f1a2fcca0b5c016c4d83275a4be65ab93fb487ef3ce8fa1eafff2c73109971c03e8c5a8fdea7376abd7f2d4a15329a532437a64f01cecb583aab5b0f75a43d335b29221cc1bbb6abb3cfcca2179ae56966d38671bc6a7e8c6adcb30aafe9965faf621c22c8ee033003539c6bfa450f9b40b49176d900477d7fa806c3a4f4c4e2108b882e6ecb5c56ba145953098bd9a099c0cb9761d21e306ceb1b42c3324700e154a722f129e21ac5cc03c0d51e3976692980e8708603617d04a008eb404ad48c8dacb676461dc97fc8371c951bc104163b99497fbf8163118db8ebab2251597475e88c8f1e7768b374f89ea0285240a6c91fa166a176e631e41b3d0788f3280aed7f96e971403f489af17d3e7eaae8ab68653102a4a454d04c2d3728beda7f69ea20983220ca75c921befb84e5e3eb628fff5e821f00291edc4e609242fc0c6463249e91267ef6542e75df80b5fa242e8651a336e27b3e7d11ee6a1056a30d5208d9dea3cea904787dfd4c29222cee3a611c410867a7a8534b25615ada310f440916374e41b070a929d86301045ab8bd2c0c149182d83665aa49d4c9b447d24bb8119808692b96b446efae03620e7bad4184651ef9821cc1ca0191c720251b3053cecc974a288ff5195f2d34b922ef3fd520b67332bdb8095efd9b815dc2026438dde26d6491b95b5d9f5bc1c437ce84b63d30b587d267d0dd0f4b4299b3c3a0b6a617b15aa4114c1f1b1df64f5bac0bc376d5c47e36644fe9fa3c7c8d137e5aed1314c01d5389ab8c1417340d850b654fb0cc83290ef3b90ec231488ee0296f5c15de2f8103e7cd662df18717a13556de2d24740f4ea6890122adde4b3bace004413442b9e7c6fa9265ff8ee82ac3b49df30525ba9176423b57f06addf7bc10262688e247e455a812b1cc0ef1246ce5f9397e3fcf6a3af1c959766e7e504eeecbc05fa98a64b68004771a826c3d7a2112646a5f00c92be076c639ecb6d703e6a8ef02b262613b2e3fa1d928661d28e393e297497fe18db25a501ce751d78eabe4f964dd3612d78c4c6067b48540024dc44a26f991a96c46456feaf871f935da582dc37382a298630105a8b43fd00cb2a0e205112f8759dd99193d40a5e8b2fb11507f208ef6f24644c6062747e501b33826381a6c982f51361f01bc7883e9e3bb920ef1a1dc25700d12764db37cb1cdfc32559e7c665916e23902599448b28eca312af655f5e8e14753ba0daa80c7ed196351f1e930def1b96a91a60539794739cdf2003d84593314a9266105f5e3ade96e79f3880a358930e61e68679752cf3f20a40950513662915e3b4657efe20d102cc6a3ae9ad23eb72b34b7b1833112acd33a6f35c6b79aef72e1906e84bfcd9274955bdc65a61099552b505949a42d20a48f00451f7d09a35f237df7f5e1e5d5e86b069194532a2b473699d7d8cec5d971092f5c55974c9edc7a4c1421f401ddf921f9299c2823c5d98979fd9bc894c1dc6028977d116d3248d065a7108d494b510f3eeb131d03a92399889e378ee4fee9d0536cee21790225ea9ca5a1c4641337451ff5170072d057728599c664844e7ea51d9b816cf7f3822477737703275003421a7d305505a0acfad464d20b52284a48e3845cc55714176ce04f22bdb77cae0fa29f9477ff3882c8159a4f0150e1ea4ae71619f6cbff946864d5781476aaa017e487b9ebd86aff7fa926180b34ff2376e369cc2c80d9f68c7ca3f3fdec3a386f51d4c80d64ad708a706e89ed876cd941c3c362fff65fa848ce662721318bf89e7adfe8257620e30204f8230d1c7590c90729f210cc3cced59a6fdfb38a1d83b21dcff07e17e00a277ebe030c51bd85a34cc00cf0dea08ba441e31fc84955655768315ec259aa0d8881672c6be621a8815009628078b5a324ab856469a6d8e595d5e94a70f1d93c54c46d2f7a564683bf906cabe511e30521e83adc096fa073919c18c1d29a4e4f12fbd0c1c5d9158b127374ebbf2b16bb7cbf6dbb7caf117f6c900ce678f30782b798f71d0c611cc4b04b3a52073add3c6c3e4444e6dd4c4fc68bec08fc40067dbe9d33f7ae6e1b5a4f8cc0e6ff2099adef8e55f7defbf4a4d743edd433afc97cba103d82027602871e183e101d03ebcf7bf22255ba3c86327bdfb84cd618935828ffa460b68912604cdc014aade5d0a2d5ce0e46b4646e5b9d939b9011cfe5df4e63d0ce43b9c609a97aa7f4cc632e5656b3269d46e947a035fbebdb4428107c5e1d86f17e60bc003741e8089465144b18e89da4af450c7bfb0809407a6c818debf59b6324fa840c1c7dcb365f202d401021eb5fc15e92e836352175003cc32f41e03ed0cd94b57da479bb283c2afbffd9ef7ca0db7de22bdef3e2659328a571352de4ad8b8051314503e661059b4b848d776823c61ae30f59ea5d52492b2d88f944c7a530cf04684efd3b5bfdf8fc30877ffbd1b871f7cbff99b25dffcb4d3d4712be4e8e1768b30d083f24deaf6d3384443b951f99b4347f0ec2bb216c95d033660436845dc923cbad8cc00af3c898386944894e8c1d5366c88df2917652bdae2251e6fc3ac5c4542e7dbf37392da12a7ec8cdc018ea5166e4440f4ea80509adff3d02219cc8a0903aa667171f04caa7935af30536bcaf5099a4001a81681ababc314a4de44122a02a1399f117485de24228009462051309944b304b2776f47f63f7a927c43499cd9badc4675ca2f3d709fecb875abb84f7c9bfa056a10304bb7c28c3a63689cd050f1e693959614b86eafd5ed045d1c99d0908479a70bcb007d82f609cca3fec06b6d67384fbf773e4cf06b1fb9f13d77de94fb63672a3dd103e9ab02eb1e3bd22224ebe10183a5eb98759cb56bd700f5e2983d469b750a09dd4e0f5f961a7c1d01d781391c3485898430cb9976ed2ef138839d7a86e44747711cb5700353c1d48f06f1f8f3850a20515c4a41469e5e58943b09f7a668fbee50b0d9c5b1ab360a32054a1785c996a93354f9f294f8c4265a13e8904c6a42e459fc8afa3b8665c7df6246201aa2be42dc8e36d0a6929a3ab1046b1d104675e21601a068fb02ed43a2a912f28e776567dd968fdeff805c77cb75d2fceba70859da6182e8209886620febc773c0c622fb4b0d308d65e60e722a81553cde02aa3c650234f1788606af45a4b3df7f4d0d7016f1fb843ffbb1ff83fad8ff2c7cef7c986076bef7ee88d79d70c689f11b386cd86c1fac5eebe7f46e3c1d1cbaabc6074374eef3730b9466d5e4819109eaf1e8ad43ba7a488766e2cac4f8b97c3eacb137f1c4bb30c4c0d808400c0e14575c545087906e13d2d5cedb32cbf0e077728c6f00dd1e65df6b0ce6f4d03984d5c6f7d3189f491e36d1040c66905dd4624e1be275217a13dca04305d1132b3491dc08feef1e096b0a0c924a039c03f55de120a8806c5f0e2de6d25cda3b91945d0f2f491ce8d9a0bbf8c64e423efae0ad72fdbdf748f7e16f911246a839b713e42bda84a76934da5fec9b0f1b573338975a897c9c36b3ba1f1cdcd706f23cb5f569d0a7c9d9b43ee7ebd76480557b2b61fb7ffab63ed71fd1c8ac4f749efe78dbcd0fde7cdde81af313658629740b8c5845e2632442bc2e93b790601dbfb206ef3e82247ee195c33287dddf4e91e8249dbe1e76d6c283ce201515bc751329d64ea0b84ee9a04023350066d0e6c60e248b6a0c664a40d4aed6f0619337ba55d903c062a1297630ebe785e2bc5c375895eba90dd45bbee870c169123b51247e18076c1e8213c54984fcfe3ce3dcecab72f2b3efdb4aa6912c2298824534a1b38198ef430f40429a947fb56814e946a93f28f2dc2813d1608e301b9d056610143997043e45a224de734f619e94e96310bb2615b4950e8ffaf60a2923a2802d94a92b26722de5ef2534df379716bfc9aaf7d3c77d9afc4884382703ac92fe3ee1fb8f7af090d37e413e36b05b36f60ecb342ed99f7751f9ca10e7bd6dc8253f9eba3e9a25318bfa03f1c6796b51d5ab1339103899a2a8e29d6bd6ca134766e43bf3cce3e5bd6bd74e86a3566c0a3da210b801f12d6c708dbac038377a6aa28ab354006be4d022446ba37a5b1c9b7b3e487e7c44166716c9dea5e82730e518b7815b4f9ffe492a83be7078566ea49b58c7bed97c2fc61d45d6c03c65c2ce1314995809e028e05d0ba7b0b4869943d7d0ebd7c381f4e82334f0c840f722fcb658947a0df19c88224f98d702da5d786c896a6342c013988e1598006233285a3ef7c59765dd0e1d0a1197d9d18e340e576498cea3479796580e57f6832f1cc0817568765dcae388f6bac78f7597bf747ac155fd9fd7fa9f93015e878ac1bdb97b53fff4eff87fb2e3dec44dbd0886cecab483dadf6dcf3cfcaf1b3d7fa411b5033413b9b695e946cfb51aed7a506f8caead47f2a375e3d87cdd8c671aad62bdd9dc3f0dc89f6b2dcb64d3c90eb7765ebfe6ae4ebc43fb14953e74c594b1bb0cd0216d8a7385c446b56be6e8bc3c52c112f27adbda31ec28a6812821da2c4a99f2aa806c9aaa678705270b43264e1b3348cc687807bccaf06d7af17450634ecac0b0598022edd699c22eb8464e66d13a3791607aaae360265492f5de01949fe30c6aea384a3a3701a4eca33d4ee243ec8da179a6c6b8f94735fcdd28a3644c54bc47888acf186a2fea85009528010b807d8f8214a2216a27993254648e20c7d7f9c55a886267c6c020c825e0b096f753fe867ff17d4c521d493fc8efbdd200d6e65cd3c0cc05db9fefb47b9fdebd5839b98a0154302f0a10b45acdfbd6d8b5232b4776bf6f68e3b168403caa25588809449921f6e2799a8e07a65c4a0227072931289dea2697c36a197f13d24c59546fac2addd166e03905b717a9b8562c8546cc270b274fca324e6dbd86c74fdcdc8660f51bb68abf01354906bc31dd90bb0dfaf6b92953b7549279205b5a3b9146f623d9d3463a025433213fa55d146be2dd7b73b3346f12b70326218ad4fa519787f368209da95e1c8430222b84939b860664c5d58e9e406ea10e7006c9f37bc4e53047128d416e88ca20d041b4893a6f5df87303aabfbb290276404731f6bc4b7cefb306ae4dfb38750b1e04b671609b542edb6d2a86697071412f1df20f194ad0582052d630b026bab0a60b741a55f8fd1154fdb7a94360b034550c94a8e3db68ae406f6d67a49cafa507ec4f7f65efb163ab897f3e4eb77effcd688050e59ffe31f311eb9ee97be7f63e579f8fde192776eda176898dc2260b8f0e1aeebe12de364d4bae03ee9b6291d2f4a8d9f708694c6258c19765f8158009d89c5773e25e8156b93c8e0d5d3b2cb089545a832c075c0f7447f31ea7c842112cd3f93302840a4351e3e7d6f1d457780f8274d2485d13423003bacaede13aa8d86e0918b646a9158769b5807889086a332c3e1aa245bda0d7d589a1059983795cd4fb34e050b91560ef0905313fc70ed5a44a9126e02bc703b801c1536255f8b31838b1e5233b650b092813a2d43c543cc39d3c885e227a49590b9c2f2ade1894a35553befbddc7a53c7d44ba73aeb8458650e147dc3d3481d3da95efe0806a6899411314e94c9a626ac87797976485f35ed4f40851461e302b630fd09ad67a61dfcc89dffafede161062a8f255ed2bed43e93f4da31fe9e14761809011823d1fee7ee6963ffd76a5d7bb3399267f4d81a5a931370b6bb8e0da0070ea6adbda43a777eae222741ebe41d9168698e9585c140e9bc1fe3e2016ae135e3e720c9216900e45bc40d948a322c6160ba5f5f726375cb4507f2e008809bceaf2bd809afd9876f942e1ec324ca831b91e179fc166d26a2f05c32508db48ee1814716885971d8ca13df83d42c59e4bfd2f5ac6241e6f813558b471051de27e547b17cd13c018dd7a4230cfb2822359271c6bad14a5e9637a40fb1cce73f671c23afa019b64099feb54a5c03924b6c464e39de3804438a36651b68dd04a4ec9587101fbdea184ac424402138158c808b5030db27a36c9a3776406641cedf9028e5f852c630d85b596fd8e61c69eefd5981eea142b8bb5bf572c3244f0d4c6fcebf3277c9f4bde8801fad2af9ca6a620e4b46ac9f9dec9136e3091074aa393b6d70566657082491ad5a26d0aeae29bb2b824533c1a2ae88fc224435872e1e464a00404c126131971400e0de26660e30d6dd640bd1a104e99c1e79e7f866656526893285e7c9b554123d8e864bf4ac1068e9f0e7a64f407bf475f3debe1c23c3d8a2b42a624e8560da01d391ea7aa337b0df001adffd3dfd6866c83bb74a6389ee12f6316e8d9a77120508d0393982484ac319eb36f843470e030f29d385e6f0411a8a6c3dc00e78148a6e4d88b96fcfe374bf20352d2d368019f4212af7d5886a82a6e36f01b700a1af404f4885e360d8c70c931d9407e22cdb0891613c673f4393c43c45086014cc6d9169843b4657c420ec1c8949178b56af5d3075e3af124bfae67704188cf71ce6d0294b35645027d260889af5fda5ff5f62e76abcb0c451ef6308e1a82d9383d0a916234437310601e3cc0170ec42c0690349daa13c39629bdf1b60346b3b90dd429f1b56a8a80824c5d69d3240c228dab4dfe01f7f453648f263b081d0fbfab98bac9b14db001131ba94e1e5f40c3a031c0823db486dee8cfc7ae9ad4e107b46c5b247eb82d07c7d1ba7d8a4ad56761f143c683c8aaa5b8655c08edfa4dcab1f463aec505f831c00bf41a7a34a45a247048df71ae5c17e7e0e36c4628447561d838a62e45b3695037c9dd930e0ef005b8be134c126bcd63e7d12443f161a91271dc72f7766e229aa4b9f50029e3ae1488fb770d6002880a4c7caa26d346a732c3f265708e604d4aaa472abff7d273473e1b2ed00524bed212de3ef776967a51e2f7ffe4b1c2d7973aedee11baa758749c3e08eab3a02eb74bc594116f2b91a884d1ccd70078378b634048036fd840dd06da9503acaaf7d4067345d2d2e1500703095515ad3d5e7a274f2b0a5138bcc300270a2589abd9bfce71d11ee1ed1ac9ae70d76f54132688048d4b1866203d0177fdf229ef5670341c1343f8a6a3b73c3d36a64095023788e1b495599062d2b29c11848519d02801d21b9a580ea11d9d26f17f1750a60b43ba40bf3e317ed0e69cca5c770b8662f813597cd2b86422f1e43bc4fb1d1cbe06da2ba08ccb6a19b22d47a6923b8a4c603e26eeb8839ac48a1cd13c3fdaf1181dcef3fb343f9094e314b794b823f52ce6b49a07685a697dd93f99fce7a7d7df3f8b2ebcfde36dafc9007a58fdb1fed67f7dfad16fd7eb0754780d1c241715dce5427c1c320f09e9e144213b44028a5da3feb0dd3ea0a8b660a99208b08301397b9b112f2aa19463b2d0a073aa9a21aa4171870fc8a2d2ca979044b40cb3920c9a2d18ed27264c8556e440fa5d088216b293aa05c0eed21086f2c9f00edf540e990039340f426734062649a5d82214d4e2520bb44e3b84b97120e70d6362a2f89f73c477410b9998101b66b6b1e7313a8a227c47cbbeb55114b287295fbdc7800563db149a866c4384e28109e850296d3231db9800409f087301cadd65b296e82caeab5ead32b380a809cc828a07ac18b989c2b2ac6386d1111cde7d0c97a0ebf1d9cae1939fdcb5b08bb0ea143974fd2fe4f6463ec099df524638f38227563c7b886b0ba5c364b2a5566e698fbe9a4f1fa2d20f8d2dc799aaf32689187b04f50fa787f93a8d0c500e7a8b7523abd3b2d90f7b1ec4f99cb988fa4ba676cce03fe09e115aa1f2a1b9c17f2e309c856fa0519dcffd7a7b30a04edb50e2f998072586413d9ef6f46b24e21371000470627c9f1334c0f7419ad0587c86a4e9fd7e4dea0bc203ea6c1948eb8321a873aae656a3117c5cce93e7848c064d2ae14a10558414e7b5c3796bee413b833af8204e05f897ec241e105a8946911833858bd406802e6ee5bc1a2f3fc980c832f63f43a7128c83f92aa279b650cefe1cf719eeaea78ccd0e4ef88bee27f61c5bd2fb0de2dea861baf0db9b6680b37f9a72ed997614bba7d93aa4ca4103100813162289e0f8460c0e663d0d8a1f0cb85e3f33e9eb572d8c030d83a0742180a96680153598d46da0b6032a7658673c78caa450e9fc2706f7d2d39b3aabaaf75690514da224d49f4075f317a8af01a2a784d5cf4c54b4665db8592cd1829a15e49593317c3e0796e57e2deccb6761d4c1392ab302e3867704410b59688dd0144018bd19b44f68a9c3a20d4c0bb101d790e69af542380ce08f508f63fa4c00f3b91f00bf1543b3a1bec219023a313c409d576aa47fc9383af418945f9c05b56cd15544490bfe53e093a380597a54172dd3d6e6dbed5264aef0f127f715f65e4ce273f6e77602f58337daa24eafe0d3d5aa84f1201e97c9a2a13235dd958550680407a7cf00e70e08c30c50be20c7fb4887c18d150c4d6d9e9650930b37501dea2a7adaf28566d0965c0fad60e9bd731c2414956ca80ac774581c9f8a0a08caef327103271aed80a4b21fca1842604ed00c069924f5351075be0ff139371fc7cec48b273e0809ae37740eef1d8d131a6a1d7c177438c7c1a1e318646c301140bfe4fde9db47c371de3ab80b7856fd009c18fea8f455358ee6b1ccc5b07bd9c5a96c692f03fbb761ecde0a361ee7348ad96ab136a12fc1f3459d67802d3d0c24fca4b7c2c04aabcd508cdf7c7c5fe1b18b4d7ca5f1796b807ae055b53327bc7e54b54ee7b2506f6abfd5c10e432c0d01559a54573280c9274fce0e1044a518e621b3a693bc3c750cd451843110588806439097b7e32cba4a5c0d476a80635040618eaab6e0ccd18836a1a1a7e19abe0444b1c1e87d348a0723a8bad65e3d4f31057e5ffbfe7d4abcb4881608029ee037f5fcc1ed0d8814281a872ad773d75a3d0b0dc52f61aff94d556584aea419c22d3c063e8ace29e0b690ac010322712863103d47ffc01d1f0462a6b963fa68438e3fb3807f423d3fda47a38fa6c691a47ad55cb460ca65328f0e26b435cefa741cbf7ea2f899570ece7efead20be5ecc793340c325a266dd0c0bf2a943479a5205c3635191d350adaa6347fe33f40b02ec73001a630ea3e6974b2c1cf06c00becdfb06b97c9d8414a88de62061f8462a58d534803e048750c4e75e41498d04a2f2690a086fff62927c619c2616060203f53a54f618a865ac0bfa0469562da47c486388266f7cbd652f8ea6d3a6e60f0cc35753a49f43e8d024f4303bb094560b875801e95c9df21560d2c221beeaa8ea2eca145cab0f1c6ec098319c37a1c6afc658f80347b9be18f98963b8b7b3dabace6fc224fa3b2f93d01963d913e0006db87dc1abcb7e4c400bed503d5efc97fb0fcffddf4a7c7e410dcc45dfce9b0186b8a181935d8f478e074ee78e0e4156e7489d301dd3a28997704191f8f0110f1e380d470f46a08d4b096eb2d801044241a2be618eac86557c8ea871cbf75304e653d1bb7400edaaa3a6031f00d3f9534dc3678c830befdec51d377da44befb10453725e6819d4b2cef9a1fb1226e27b118d00b4b2080710695627d5540433c41d60323490267a023d17c2491df1d205918ca4d04ce01654948621a886b92ac126e9662d130f3b54396604b364790372e8bfae489df98471f6318844e85c0d992e96a04a99bac106e7ad28f72ba479173987ca604caa874a7f08f1ffd5698a87c1d745a73e3f70de0c309a31ad5896bedbd1abe1f60d622cbec423174cb227a89dc473673142c70a74101c3ba02b571adc0809248c11d830010c822a0c8c1588027286bd0d54fa548da8ea87813481632a780304cb7d74594498067ba971bac6cf90109b0ed3904031a901d42e1cc5160255b368138ba611cd47b8349084d28a246b1f3e6c82e46272905a9ff22a1fede51012ea4f339b11b3c471e06613ad814d81d90837e13f83e24f47435c8a45f52612ea0e50b30e73a15d74ca0766c4f798048e094ad2b7a04eaa6625994e893f435288496506750d3de0df0da1af949197cdb20e8efacbdd078ffdcf5c105fd09f0ee30c9e5efcedbc196079a90264751c0ec7ced6e7217c91bbb08c43540a1b0cdc62385b3caa6107c790e429560f69f4758cca66ec2d30ae6203ad15888c43a6028264323999f766b0b948620d356a50f1dc660eefe00a9f69b8c762d2bdabe04b40c6cd8fb38f7afa3081a1b9035aaa94410c123a3e765c6dbe0f8a6832c64589682932a85a41d795789d9cfa296f5ea308859971f24cfe14b780434227d553c6c441d324528858e24b38498e8dc6d3fe04a643706d40cd44148a506ae88a55e037d507d1c25534a326ccd05c01ce6a0f8658e6bb1d2a866d0a5cdacbde57670f96ff0167c48fbeb5c4d765386f06486507071c0deb8ebc82438cc74f68e52dcda296915657ef7b470a1795e8ccedd1d5c0242035707d101f82a848a942b38472eaecf5545a335ab8c1f7583dc62423351020b189e754eb24d0329a274032c51a46d206e18732ea165b8d5a7662132c1db17d99df57eb89205978f516398aa0baccbeb31c83cc20c51c000362707790a0cbf4f028af3592d104053901af3c87c6c0c6933e568651670d0f04c2623af00b1434d45bc704ca64983a5f9d4dae4d4bc8b9a5086ba0c013e74fe4a1c31f746c4d0cff863b97731309c070cab84c32997a5388676084c8cad2b7e68f9ff8adb91675e79c19828f9a7b6bb7f36680c9c9603495c146eac2a8f4a9d4aa23c6ad54d5635695abf4f27102f573bdc5aa2648d4deb32ea1b3c7dd96200e0b8ca31544ca482c750378e25aafa71eb644f6605648d7aa46d4e80209c6d546c5a2ab719a28144382712695a9f035d404696f3ffa165f819b426426703a552d13b7c324963662d8f4f9b1afd9431b011e49e1289fa9bf8199425bc0a5109b138cadc13c142016c7227fefd3c16b558e712d6ac24e5d9f89cdf0a9253012aa25f02788fdc379ffa834225c6a18393ee16d1774344ee7879386410871874787817ccb8fef3efaca27e175d4a53a3a6f8dd377367b9d370394ecee5a99bc0f124c2235a4725bd3ac2bea9b62c640d3bbeac18765d330056a51a7789a945a9b04ed5ae6ede33c29631874e90a891e9d94a1de3f0177480405601077d42e62a7b83bf7e125924262b951236553a2363c8fc74fc7a5d7a57c4ba50f8d10a86386131898f368f9dda85f8804c769570f2a233c6600ca1818308d6a2166fe05c4f43e21a39a0f1c1609c8c99bd111b008b45aa89d3836a95cba3e1917968701603a1c5d43dbc8b5d620b38ec1149c4ff01f983eceeddf311f8a3a6adf823a7e16d7166548b53908e3c13cbd9cfdccd2b1f26f41fc454e48897fc1317e8ef9a6b6f36680d4f0ad5bac9dbf8303a34d9acceea33a59f3fe666b9e459dc32612eb72f136b63300f0606a33c48030d54348cd228c82842248018d12f438a12d50f1d873a849b4b0c822a34138bb80420f6ab291489038244a073a85a95a16dc27150bd7a011f85d60e200bc5f4bc37d9c3e35240a0a699d82c72ddd6c923adc860f86c383a7d942ec53e71bf0195e02c823e6090f1d3604d003d6a5a843073ef97c4e12e0945fa2a0c709ae01263134ec257e37b1f346be084e45091a27acb78c08809e23ea0f104d24c9f1771bf4fa53911ce796f3b0f14b7b5f3ef0a9955275060a2947b2e34f46fa9543ce8b01b61b46e40b5ff85fb7d80c6a7491729f58d608f3e784490e6d8bd9314cb9aa7e2061c5dc156a53e728392cc1f8cdd4c2a3f5b48a48171229f4b1c721a8a28010b69edb6ff339448b115180c2050afceb0d3429d294e60c7a0162b78fe06f308f176207680945110d1c2fca77382efbba3330cf32970892486957006399ea8c91954447848c613077285046a08e41bb7f3d259afa2b1a49689e804a1f130413fba0221a9a2b956ecd7d589a960642d669e052dc25fe92aa7f98abd33d505c6cbc9fec2b1b00000ef249444154e282259b71b84ddc6c2462e612444466a5fbfccc89f93f5ea956a739b133c47f2bbd7e7ef787b6f36280bf73436e22361e5bef13be69a8e7aaa74e17ab4f160b6e60b1202c3175e09650bf09f6c156531fe8933fa663840546ed2bd41a9e8aaa6b0b4712c04409c76d5d24a02d0b1baff65d3564c8241cd78a4cc137d71259c130ed1b200493b748b430422464208c3b9f2bd8a384240cd58a24d4af620a7e1bada2d28943a6f37a4db489d939c190879244dafb11051a50282777558b59fa3dad1d40ba7585f44443c654158ea6c0fbef1279c431293ef910215a7101b9a2dc079e3b8c9c786e6ef651bea1046e9e3cce3c2b1ed10ddc0ed22df05c112ed45cf8a7fb9c5a069efc24b637cd00a0531841ce962d3936b92396dc98d1d85db35d509bc58590388126f3717ceae1d0bb5c99e6f509ede88209df6f23d9d8c630dba6e8984a139fdb540459f400401d7e416d3f6b82d9604f9843a51f82e220876700b10d8ead1a026a844ca5f1bfa91339d0089a42b6f043f4107abbf6306144bd01d92a307dde665f1b87cfe0bb789bb0a11e1fd58f57ae4c67abffc258390d11a3262d183038293e48b8ccf5e1b790c4f1c9d97bbd12bf8903481f6190592f0103a84c6791a210f0701ac6f9e30449129c22780de2eb7ba117c3a332807eaecbc90ffce4b637c5007de2739a7a715e64c2ba3b3db60ef5a992aab029219ee677f53904c6f8b3501090bb627b5ad1839dd651ed6a8ff50e1aea0f108321699aa53b65ad0dd51c3093d603a8e31668a28705877bd80f42a2497ce6016a8e3e8078a69681851c81ea874942eda3b61c14519d4e83fd744eaff6136afe1dcc9a73d2845196af710c350b9c8f8e91d5fb041a6a4a384e40058a6d8e930fa01e1795ce1e5c32fe44b09e63f339ffb895175a4d4d98e216442f3899e6f37f8189610eb1a3e546a167cf8587d2de6702957c7d0e3785c4d7fd7ee2db9b6280d367a92ba1bc9078e49fdef32ea3fc6569d57e402e7c90441b983e126b27c709e3d621692c0e126a501eee82b9da91419860086dc0c22ba384d79f57a12674645fd5222c2ef30e784432d55e6be68d1d14ca3d0515c304387901c4553bad3761526da1c5a54a28fdbea7254a10dd408ad1fcf0184ea8a27310de803134c60f28b0f451edca588426a788aec70d7f0bd5af8ca6f69a22d6a0830983013469a5790abec4f7d5df511c599948317fd55c8c9ba3683400dfd0793f6c25fe54c295e87ac1fd3f25be3286aa3a7ef3272bfd7a0e6fc800a7a55f89afd21ffc4f374d5d377ecdd5d75add6bd1f2d4dd63cf1d6b3dde728591ac409dbdfde1da860996680bc9c711a3a85f434587db6a75558d72fd91d438f02d600dfe811b8750b1b5483552af7e13b6da60d8b398232c344e1b4bc9f824ac876608713261185d3b95c850956b6a5653c89a52562d02feae409387c6b04233a04e1def2b9345702cf967a09d027c049f585eb37bea4f284fe87e9a01b4683b0b990c4e0a412b34843a975a1fa8c85e18c25a0a5e7135a525e92c1ec6fc804d746bba566af795d02af14a7c257c5fedabe4ff44d53ebf7f667b5d06388bf82a72eebab1d47b27d7538a33a25db854b9369688ef017050870e7068e00d03e8b02bde78e0d425da62c1f535f7e4f5199a649498b0897d35bb03a84f30bfc60cea7b91ef1fc50b673f9bd2726ae19520da7862c6c1f2c90caa8316a55b46cd8aafe197022b4acc00ed0238e4c04c3eb1ba19df800f304cecadd5bd78114c0e372223a8750d0da92286596ccd447231bdb03a052682d8eaa72855d420a923cbbddd788466ec0bd5790e636818aacfd14081168968841319000a670c7d13e6c7f1e52c7471d5d62bd195f8fa5c994135824a7eb8c3a520fd9ccb6b6b80d3c4d77d74ad54fa59fa8981316bf0030ee26d901d5b696c91835f7946aebd63832437bd8f4b5c96c2937f45726e5a529bef252462b421858ff585976460639eba3808488108b33190e42292ace3dfb0f11d9841e7fa64c92580a605d4721bdc53c7672c5a8fda3ad520aa35cc2a77f40895272ed51cf13df0b207e0a339f92ed937bde36690781ecd009ac7040e83b1bb1e8917cb1cc52d410b38f4d4d306ee44d13e0a3aa171681ce35cb87b17cd040a096b6868a0753c54b9a18d2801cd9cea3be02c6a85b281df636272c22c63f5698021ba8e972b741e436f65ac6853d74ba5bdff77c9129f737c6d06d00fd9f462f48fd592e0c1356bef587ff5f08e786a3db13cd334577e20eb18b1ae48ac988f32e90aa730b5469c49ecfda63548f53ba4b61f83b8bb2af9edefa3b48bca99d2ac1cfbda7e191badc8d02d5b42d065716e5e8a7b4eca96bbe91a62de1ea0b22cedfdae64c799ee3d3e8c6de7a60b68059b891b29267120ff211118130ab40a3138c3a03705513484a4d01474ce48e401fe0061b843b77af95d6af204c7cf416d1b8403da53d8a5c984792010ed70688ada35b419b88645a2299c4c62ab69a28d0c1fc183396cb29ab11c75049a99d45a80792682e41b523e49a8cb4944a82ef2edd009ec137db5d45f52920fc5c2ed9c26e05cd2af7bf79c5eea07278e2f1cff766960389b72b224df2dba839aaf9c644822f37129e38e93c4b1c0ed83bdfb420047a75a8cff1292917c5a82f272383e6dcb3b7212df441c8fffe47792dc108a4ede05e057eed6ad69dd2ea5608503dc94810a9fd4d484349998b5ebf30764c34d8e8cdf75b52cedda2fd5bd2fc9a6fbaf43b2f3d2404b1c79691f0d95a68c5e7315ea99c99a65ed275c96c111188ad0d4cb33b583695e8911cc0f33fd2c6b82dcfc24e81d21208522dcd65372e477b5b8c485493d184beb01c27a31234fb327f841b520fea2763f4df3c76fd4b1f99da23448573734a4a5c1848630a0ca33f65ef5d529ef519fa84dbac4369de4f1aa533acd00aaf655fa95490896c3e22fdc6799a440764d3c6a0e8f0ea4b88b5a6c20b08201eede9101e94cc5e27e82f12ac9c14c369ef3eaf1cc483a6ad85e34914b447336a8002da58cc8b272d4fa27c1c533a45663510a3ea24cdb40faa2a86a0aecc56c80a127b4e48b1b3893aa6deed3e420d5461343d23e48b3c51c05a9774c90081a27e5e0cb0b7ffeb40ca51ab2febe6df81c8c5f9da1e162dfac5cf3deabc8c4712fa0327d789f7b51b6df9a92cd3bd773730791177e709888bd2e37df8ff680803ecc77e44851a69834999924146438a3c7dc3f35db51ea11bb5a5c8a7689003de34d52c1cc8da1e6ea7262ef8a2c1c68c98b2422befccaf4af3fb5eff097f9924abfda7f7d54e957fabf7ab1f9e027b9bd4a03ac927e3dafbe09d047dd94294a24f13a95a63fb7d0acb23a55650a562364123515a7ff4eea639f79f8dc743231e669e28d456c26f0258c387d9e89c9849518a2fb11274fef0293cc39146f5954f025cc582ee5c406c9b14692864d73889da9fbc6e04966f8133a5aa3dc7963ae860ff10aae565b6eb88dee24b001ab75882c1cf70fc82765ec1e6d3a99c524c03c7ce7baab3292273ba8a15cc4e51e7ecd61301ef084260e26e051931c40f97bcc1bbe099c81aa230deb8e3e5f93c6c115b9fe67d102ae2587f61625cefd01b633d95b33994e56fb065ceefad590470f16befed4fec3dfe2ba759dfad2af44bfe408cf3985dbab34c02a06d08bd0bf55440cb50019112dcc0bff56135ff7eb7f4719469ff71988a7af7a7ef67bbabf328d3eaac6d13fc86247d28958dc34bc7812a619ce2613c3e9642a36904c82ed2707124632123412c97c36914e676834afc47249278ad43b9188630fc6d32421191d43ee3e4d4712f5995c11f4c0644571da1c2063a243dec3b943731b5adac62cc2404bb9c80db42945f31a0c92ceab03e8c8fc2b7a7329434676802c12f574990bfcc4933df9ec77a6e79ed973e497a7ddf6418ea611804abf3a827d46b8244dc0ab3400277cf6d6e7605563eadc289194b0ab5feb71faefaf66823e039ccd10ab99e3753f034960c48a7688b281bc1e29a8975dd057fdef9d669a197d0c3511b33a22519bea01fad19389447c3495480d2422b084998a1aade4708adb34662349339b48a461ac35792bd64b1a1187f1a379daf887928495803d7a1fa13811413c47051359c908aa24bf110c81747617b83b4206f264c994afec2e74a68f17fe0f887f8c73d0f5ea3b7ffa3cdc2e45f5af27f6461a4017591756ff94c8fad797ce3ed1f5b14f8cd723aceed3ff3b7bbffef7573f9eef737ee6cceff49ff71ffbc73ccd347a2d8e2693d13441346e43f24c2a8ea2488cc4324957ed44d0484e0d4da4ec5834e9754ac9c181742c1ba58cc9f762032349fba867cd7ff72bbbff704fb1f0757e44255fd13f957e151695fe9f58ae9fdf7ec3ed550ca0df386d0674b1fa0ba604eb33c2ea477dbf4fccfe63ff7b7c147ed67fecbfaf8fbaf58fbdfafd37fbdeeadfea3f3ffbb17fdcb3dfefbf3ed76ff5cf2b3cc1d3e7a8cffbdfe1a903084c9e1fc2c623717fb1bb3cc79b0bfca9baef237ffafc9276fe38bf707b3d06d01dceb588ca00e75abcfebeabbfa7efad7eadcf753175ebefbf7a9ffe42f7df5bfd7af5fefde7e7fa7cf57bfde7fd47fddeb99e9febbdd5fbeaf9f64da14ab54ab74a791fe9d347257edfeef74dc0252dfd9c6fa8d2f5f18736b557a7b540df86a9bdd705d1d7fde77d22e877f5b96e6fe6f1f5f659fd993eeffff58fdd7ffd5a8f4ac8febeab89ba7affb3df7fa3d7fdeff61940af5f09ac52de77f694f0fa5c19e30cf1797ec96fe7d400fdb35e1511e85bba10baf517a4ff3c7cf3f47ffd7d5eefb3d7daa7fffeb98eff5a9f9debfdd54cd03fd68ffbd8bfc6be00f4b580125c19411f57133f64964bd5f1eb5f8c3ebe2e03f4773c8b11fa6f87df5ffd82e77d82f4df3efbf5ebbd7ff6bee77add7fef5c8ffdf7f437f479fff51b3d3ffbf3d5dfef1f43dfeb6f4a5c6500fd5369ef4b7cffbdb70df139f737c700bae3eaed751862f56eaff7fc5c0babfb9febfd377a6ff5e7e77afe7aefe9676ff4f9d9d7d1d7026a0acef57749c6fb675f44fff59bd200fd9d5feff10230c56b1d5e09a48bdedf5613ec4779efecefad7ebdfab91eb3ffbaffd8ff9dfe798452ce9b7d66e8bf7e5b113fbc50ec54ffe22e89c70bc4487dc2f52faefffaec6b3cd7fbe77aefecef9d21381ff47fe36d477cbda80ba601ce5ea1b7faf505629cfe69bf1e139c21787fe7b783b3d73fd7b31f7f6a18e0ec0b7bb3afcf8771dece043f7b5d2e7b06387b412eb7d7fd98f972bbee2bd77b7a05ae30c065ce0a5718e00a035ce62b70995ffe150d7085012ef315b8cc2fff8a06b8c20097f90a5ce6977f45035c6180cb7c052ef3cbffff012a32bf29ae7902800000000049454e44ae426082, 'truck2', 25, 40, 1);
INSERT INTO `product` (`categoryID`, `id`, `image`, `name`, `number`, `price`, `Found`) VALUES
(34, 50, 0x89504e470d0a1a0a0000000d4948445200000080000000800806000000c33e61cb00000a41694343504943432050726f66696c650000480d9d96775453d91687cfbd37bdd012222025f41a7a0920d23b48150451894980500286842676440546141129566454c0014787226345140b838262d709f21050c6c1514445e5dd8c6b09efad35f3de9afdc759dfd9e7b7d7d967ef7dd7ba0050fc8204c27458018034a15814eeebc15c1213cbc4f7021810010e5801c0e166660447f84402d4fcbd3d9999a848c6b3f6ee2e8064bbdb2cbf502673d6ff7f912237432406000a45d5363c7e2617e5029453b3c51932ff04caf495293286313216a109a2ac22e3c4af6cf6a7e62bbbc9989726e4a11a59ce19bc349e8cbb50de9a25e1a38c04a15c9825e067a37c0765bd54499a00e5f728d3d3f89c4c003014995fcce726a16c8932451419ee89f202000894c439bc720e8bf939689e0078a667e48a04894962a611d79869e5e8c866faf1b353f962312b94c34de188784ccff4b40c8e301780af6f96450125596d996891edad1ceded59d6e668f9bfd9df1e7e53fd3dc87afb55f126eccf9e418c9e59df6cecac2fbd1600f6245a9b1db3be955500b46d0640e5e1ac4fef2000f20500b4de9cf31e866c5e92c4e20c270b8becec6c73019f6b2e2be837fb9f826fcabf8639f799cbeefb563ba6173f81234915336545e5a6a7a64b44cccc0c0e97cf64fdf710ffe3c03969cdc9c32c9c9fc017f185e85551e89409848968bb853c8158902e640a847fd5e17f18362707197e9d6b1468755f007d853950b84907c86f3d00432303246e3f7a027deb5b10310ac8bebc68ad91af738f327afee7fa1f0b5c8a6ee14c412253e6f60c8f647225a22c19a3df846cc10212900774a00a34812e30022c600d1c80337003de2000848048100396032e4802694004b2413ed8000a4131d80176836a7000d4817ad0044e823670065c0457c00d700b0c8047400a86c14b3001de81690882f01015a241aa9016a40f9942d6101b5a0879434150381403c5438990109240f9d026a8182a83aaa143503df423741aba085d83faa007d0203406fd017d84119802d3610dd800b680d9b03b1c0847c2cbe04478159c0717c0dbe14ab8163e0eb7c217e11bf0002c855fc2930840c80803d14658081bf144429058240111216b9122a402a9459a900ea41bb98d489171e4030687a161981816c619e387598ce1625661d6624a30d5986398564c17e63666103381f982a562d5b1a65827ac3f760936119b8d2dc456608f605bb097b103d861ec3b1c0ec7c019e21c707eb8185c326e35ae04b70fd78cbb80ebc30de126f178bc2ade14ef820fc173f0627c21be0a7f1c7f1edf8f1fc6bf2790095a046b820f219620246c2454101a08e708fd8411c2345181a84f7422861079c45c6229b18ed841bc491c264e93144986241752242999b48154496a225d263d26bd2193c93a6447721859405e4fae249f205f250f923f50942826144f4a1c4542d94e394ab94079407943a5520da86ed458aa98ba9d5a4fbd447d4a7d2f47933397f397e3c9ad93ab916b95eb977b254f94d79777975f2e9f275f217f4afea6fcb80251c140c15381a3b056a146e1b4c23d8549459aa2956288629a62896283e235c55125bc928192b7124fa940e9b0d225a5211a42d3a579d2b8b44db43ada65da301d4737a4fbd393e9c5f41fe8bdf4096525655be528e51ce51ae5b3ca5206c23060f8335219a58c938cbb8c8ff334e6b9cfe3cfdb36af695effbc2995f92a6e2a7c952295669501958faa4c556fd514d59daa6daa4fd4306a266a616ad96afbd52eab8dcfa7cf779ecf9d5f34ffe4fc87eab0ba897ab8fa6af5c3ea3dea931a9a1abe1a191a551a9734c635199a6e9ac99ae59ae734c7b4685a0bb5045ae55ae7b55e309599eecc546625b38b39a1adaeeda72dd13ea4ddab3dad63a8b35867a34eb3ce135d922e5b3741b75cb75377424f4b2f582f5faf51efa13e519fad9fa4bf47bf5b7fcac0d020da608b419bc1a8a18aa1bf619e61a3e16323aa91abd12aa35aa33bc63863b6718af13ee35b26b0899d4992498dc94d53d8d4de5460bacfb4cf0c6be6682634ab35bbc7a2b0dc5959ac46d6a039c33cc87ca3799bf92b0b3d8b588b9d16dd165f2ced2c532deb2c1f59295905586db4eab0fac3dac49a6b5d637dc7866ae363b3cea6dde6b5ada92ddf76bfed7d3b9a5db0dd16bb4ebbcff60ef622fb26fb31073d877887bd0ef7d8747628bb847dd511ebe8e1b8cef18ce307277b27b1d349a7df9d59ce29ce0dcea30b0c17f017d42d1872d171e1b81c72912e642e8c5f7870a1d455db95e35aebfacc4dd78de776c46dc4ddd83dd9fdb8fb2b0f4b0f91478bc794a793e71acf0b5e8897af579157afb792f762ef6aefa73e3a3e893e8d3e13be76beab7d2ff861fd02fd76faddf3d7f0e7fad7fb4f043804ac09e80aa404460456073e0b320912057504c3c101c1bb821f2fd25f245cd4160242fc4376853c09350c5d15fa73182e2c34ac26ec79b855787e7877042d62454443c4bb488fc8d2c8478b8d164b167746c947c545d5474d457b4597454b97582c59b3e4468c5a8c20a63d161f1b157b247672a9f7d2dd4b87e3ece20ae3ee2e335c96b3ecda72b5e5a9cbcfae905fc159712a1e1b1f1ddf10ff8913c2a9e54caef45fb977e504d793bb87fb92e7c62be78df15df865fc91049784b284d14497c45d896349ae491549e3024f41b5e075b25ff281e4a9949094a32933a9d1a9cd6984b4f8b4d34225618ab02b5d333d27bd2fc334a33043baca69d5ee5513a240d1914c28735966bb988efe4cf5488c249b2583590bb36ab2de6747659fca51cc11e6f4e49ae46ecb1dc9f3c9fb7e356635777567be76fe86fcc135ee6b0ead85d6ae5cdbb94e775dc1bae1f5beeb8f6d206d48d9f0cb46cb8d651bdf6e8aded451a051b0be6068b3efe6c642b94251e1bd2dce5b0e6cc56c156ceddd66b3ad6adb97225ed1f562cbe28ae24f25dc92ebdf597d57f9ddccf684edbda5f6a5fb77e0760877dcdde9baf3589962595ed9d0aee05dade5ccf2a2f2b7bb57ecbe56615b71600f698f648fb432a8b2bd4aaf6a47d5a7eaa4ea811a8f9ae6bdea7bb7ed9ddac7dbd7bfdf6d7fd3018d03c5073e1e141cbc7fc8f7506bad416dc561dce1acc3cfeba2eababf677f5f7f44ed48f191cf478547a5c7c28f75d53bd4d737a8379436c28d92c6b1e371c76ffde0f5437b13abe95033a3b9f804382139f1e2c7f81fef9e0c3cd9798a7daae927fd9ff6b6d05a8a5aa1d6dcd689b6a436697b4c7bdfe980d39d1dce1d2d3f9bff7cf48cf6999ab3ca674bcf91ce159c9b399f777ef242c685f18b8917873a57743ebab4e4d29daeb0aedecb8197af5ef1b972a9dbbdfbfc5597ab67ae395d3b7d9d7dbded86fd8dd61ebb9e965fec7e69e9b5ef6dbde970b3fd96e3ad8ebe057de7fa5dfb2fdef6ba7de58eff9d1b038b06faee2ebe7bff5edc3de97ddefdd107a90f5e3fcc7a38fd68fd63ece3a2270a4f2a9eaa3fadfdd5f8d766a9bdf4eca0d760cfb388678f86b8432fff95f9af4fc305cfa9cf2b46b446ea47ad47cf8cf98cdd7ab1f4c5f0cb8c97d3e385bf29feb6f795d1ab9f7e77fbbd6762c9c4f06bd1eb993f4adea8be39fad6f66de764e8e4d37769efa6a78adeabbe3ff681fda1fb63f4c791e9ec4ff84f959f8d3f777c09fcf278266d66e6dff784f3fb323a597e0000000970485973000016250000162501495224f000004000494441547801ecbd07b4656775e7f93f37e7fbeecb39d5aba8aa522505945120c936c106030e380ef6b407b7ed9969b73dab6d2faf694fe3d576f74c373dce3606d3620c1891849040395052e5f4aaeae578dfcd39df33bfef8a62092c5049609835d281a7f7eabd7bcf3de7dbfbdbfbbfff3b1ccbb66dbd7ebc7657c0f1dabdf5d7efdcacc0eb0af01ad783d715e07505788dafc06bfcf65fb700af2bc06b7c055ee3b7ffba05785d015ee32bf01abffdd72dc0eb0af01a5f81d7f8edbf6e015e5780d7f80abcc66fff750bf01a5700d76bfcfe5fd5ed5b96ac5ff88df71dde1109bdb3b768f767f2ed56326f679ce1d66abee9d92aadd5b79c8bdeadc75673f98b15e5f8908a6d7fb2f5aa3eec5ff84dd6ebe9e0ab5f616be4f381dffe375f7df360ffc22fecf3a6eef1b9fabdb19180a241b77269976ac5b69a35bf129bb65af96625517597cab2d20194a0552b6ca66bce78d361c71bb5c8ead26233e9a8da1b2d5ba96717d673e7979e4151d6abc8a37df557f4bdbff27505b88a35bce9031f1db9f7f6677e72cff0c6cf4e7615ae1d08166555dbcae7b7cbb56b4cc3feb81c8e80ea558fda358caab329abb3dffdaad55bfc33a956adaa74c9a746b525bbe155beec5445961d70745793b5de7c3397cdd905a593657b3399cd26eac5f0daea6269c351acc7d78bf9cdadc27cf6c2c25cbaa8cd224a52b98acbbeaa97bcae00df61993a66fef73f7cf8a65d973f30da9ff989b1eed4e060a024bb26d55a6db9d450213d21e7ae031a0f35643910bcdd946db7102b3f3aba6539cb52cbad76b3ac66b3a6763ba45625afa6b32d67abac96c392dbe994d757e5754e35db5e396c87d2ebb6aab65f2d94a4580d2bb7b96a67371c95642382a26472b58612d98463ab9e6cc47315e77ab154da4cd6e636ed5263ab1870a7d7979fce5e2cc8280a27feeec7eb0af06deb638d6c047eebdffeed9bf64ea77e697b6ce5ee6d0369afdfca7776aecb1550bbe555db9197b7d1562a3e2a7bf7614d85d9d56d04ffcd73196c8d35b0b75008af9c0855ce8c6479858990388f395a0d36b2b1f8fcdd76c4d4e69c2ebb2ecb72a96519e569f0ef047f77a969f7c915c482a4eaca67b25891882aad206709ab54f2a32425e536ea76cee32c6dae6d15ed6c3ebd91aaa4e28d667c79fdecfadafad65f9edf2c9eee7cf08bfef33a08fcc662dcf4813f1db9e3c6f59ffcbbbfc97f60ef7072ff743425bb844fcfbb54f504d4b2f3b2ab0d35cdaeadfb546a14f91d226f66d8e14e2cc000022b216404e7403008cfc1ef36aa4df5799b72b5fcfcdecddfddc248b0db4b725801399dfcc3f2f0bb869c1e2f4a849260215c46315a3eaecebcc7c6e238f9774bee505d1114c16ed5d4edc2aae0378c02b90e73fe76d652a82b945f2b879efce4c5c1a9dd4734717d50cfdd37a72f7cb1d7e8e7875e24fbce8faf69053066fed7fec39f1dde3978f1031ffaa9e5771f9e8e0f74391272d6db98fa014c7d5d36c2e19b5cbe3e79020e79db55d995960a15871aecc08011a8e547b63d08cab801b32b51046798ef4d0dfa510e63015c5dfc0de5a008cb6edb723aba5eb0182802db995d6fb1d1f9a0b69113c2e6bcf809fe8660cdd136d810dfe2f6cbcd9f3a96430139dae6b57ca6b3ae7a39a7b9678f6aeef30d65e6bb949d3ca9e6990d5e632beac28cbcc4f192bf7c89d7fdffea57d611057ef9e7fff4cd1ff95cf617f70d5dba7b67f78a1731aacc8eaf282a3f3b954d28a7d5a31a7e3de829b3de45b9114ab3d950ad6a297fa9acc5cd350d4f4e69bc8b7737e3081a01192568214417c2336ec1fcce8d323831fdf878548b9f890ddae0053081e572215b94c4324a8072180ce13056c1ec68948dcf35cac12f38e70bd6c0e882d50242baf92c170ae02829bd34abf39faf28713aac4ab82aefad790de5129afb5a4df5d6806c6fe125399fd794021c78cf4747ee7ed3e27bffe6ff48feecaec185fd33a1aa5c4d87ca050f3ed6c8ae219f3f8acf6627562bec7c7c3bbbd0c1ce57a9aeea564dd96caf2a95a61c7d0e8dc41a6aaf2d29d93ba55e0fe6da81d08c5b70b2aced02a236c237c2cd62bdf9178275584e94a5ceb9313fae304011e56913013a508e6689d7d6500ededfb116367fc7725846e2cd17ce6d1b77e3e6f7b80a474e85cca636be96d4fad10125bcbd72de78515ded86964f94948d7b55b2bad4eab7e470795f9b0a60ccfccffcee7f39bc634ffae77efb972ffec49ec1c440cc9d9707805c4f875477fa11043e144139d961363bcbaeb1607ebf3cee8a1ce0b4ec22c83d0b4a777be4e8762a3c802b60e7192b514c2e6a6bcda3e0f836f9d9cd721893cc5ae3c3ed06800e536f3712fc9e5d8d3f6fe1d7ed8ec93758218d9770745c419bd7daf2e1eb51141bc530e730e18439f0f76c75ce89a260592ca74779f3b9cf24b4fa4c506bf6a07af75535d2b5a2e5a7125a58f2aae10d2a765b5087072db5d67c7af04cfab5a50096f5f9c07bffe0c937ffd1c7d77ff99ad1e29dd3bd656fd495531bffdd2a7b107c18d308a00b34e546701e370b8fff05e72198826aa99a9ab9ba2a995ed59c01b9230e05bbeb8a858bb8e6966a6d50bec3567008c12497b4b639a0c9411716192bc0ce64ef620c5c6c5c13e2999d8c55212454a3808ea024ec7e199d202ab01cc806c571b65118675476c7f27c43fe7691b8139ce036af69ab51cf69f1c9396d7ea54febeded0aecddd2706c59cd4446853363ca24b1329053bbdfe8d435e34d35376b5a4d79556f6c71a1fffc78c95ffef3977d7f7ef3e7f77c30fa797fe140ad962a866657d63fbd743e45accaca7cff8e37fef48747f71c5ef8c90f7f22f9b307b695f7cfc4ea08acaa2afebdc1ee69b3cb9c61cc30bed91f624d09d71c987e803cb2a92bb501f22f3759b0901a1e97c2a32d0d84dc98ee26bbdea346adad160ad304d8f93d98f2b6438118a070edbc363d7b34d28b400d82073c5a2e94a1131918d31fe17744162e83ec09f3f03976db98f276c7a43b3b0d3a98f97a816be4c2c01e4e07ff36fe1f0bd5a86e28b9b0aac4635d3abb3023ffce8a7a064fab942ae8f297cbca2c80610edda5eddb9ed4c48eaaae9d6ce0f76b4a102e5e9e4d299d3144c53f3f7e603cc04ff5751d4eef1fbdefd01d47b64d45fd4d672e942e36c2f18b6ba5a544bcb8e868e42e6633b9c5d9e5fce27cfc581ce39abd5ae5608d1c77fcc66f1e3a3895f8c0b543d977ef9e690cf44709ab80748eaa0fb38be0dd5ed6149fef0ce252d1394230ac3de118fed907315360b1d62c15ad3e05434d45c20d79fdec705c83d9a9b689df5943978f900ee19bd08f7000bc87c05ddd848b4ee52aa31adc3bad982fd2017b2d4cb7cb89c01b580427be88b7588ae066d2286080eb81317402e6501683fa2d65f92cc0a16b0825823720346c3932daba745ef1af38b5b038227b1be1dfe4a6eaf1b8164e5595596777f706347db05b03fb7f4191b98f69cbb5a1890997eab9a8962fb975ffc7ce54eddcc177fddde217bff4ed2af00353806b070783d6a0fdd91f7ddbe85db7ec752814f6293a3609e2ee51a1360ac61a5266a9a4adf8727d2bdf4a5572be78a3585fcc541c0bf35bc94bbd95fc7ca5925c7be8b90737887c8d72b47a2c6b6cc78de36fd8f1c6a10f1cda11baebd6fd96b72f04c28668713b007608a755c3021006d9ecf5360b6e1079bbc262b3a31bc5b22ac52af2b130e901554384d184f311f09597f73b9cc4f220f976158c600489005d764aed322f30089c73d4f89fd70b5083c92bced59508c4b46b5f5861627583e49d66e3e16a1a2d6c8dbf9bc0c09872fcbfe10e60136d7803db30806807b1058a03186c11f5431c1592f35a79a8aad5f383aa7787e5dbb5a8de363efe5842b327dbaa72befec396f613eb0ff73855b77e461b5ff92b2d729ef18101ac46bf9e7de0eb4a1eebfbadffb2fcec9f7cbbf0cdbf7f600a603e6c221cdeb3eb47079ef8d007c2b1e120269205f5e0fb5e30c72c803fa200a8d809722d3506588c5195cb35ad5f2694c94196b41dd56cb92799d8c8ac6faea52ab3cb17af4996d77bbbc349c5025985866ac2e6ab3bea971761467a5d1aee25466787b97d080d336b5077ab585025550641bb017f3d6a9ad7f6e012828679c3dca22c3eaeab869c5aec4a073f1bcab6a31055a71a95b63c1e4bcd56004352e5dc08daf6a8b430a814d8221aab28c0c7d571050e685e076ec2e9aaca17b05042b7bc1ec01d11830b17e1f418e0c997f91568dff2a052e50de59ec5d71f9b5212d2c9b3ff8286bb9741f6eb5abeb05d05e27e3b95d0c0bbba74e384140aa2c8855ea5ec3d4a3ef0256d76f569726cbbe69e9fd5e6c39ebf6e1f7fe883bf67434abcc4f1035500f3f9dbb7877ee32d3f37f827bff2e6a8822caa139fd824d46a551032f1b0c7cf8e210caac3a0b5bddbe4c01717e227353819940f335a0b8ccb6ff7a8d10caa59e85772535ac838945dae687d039ab49a51124054cbadb037d7f0db9b8a452cf58c39d4db05e286c7ef71d4e519e857ff7040e3633105bdb80470800b61b4f1cb4d04e168725da512b80d5782a2364b36891d84842285d9c4ad86130ad621078ae0eeb208f3436a7a0f293ce45108ffdd6657b76cdc0f885f7558c3a6090b390f3fdb9ca8cde7d9582837c0ce03bb08bba04a2eaeca9c57d98d19a535ace0b6b38ab9d7b57a7c4173a7cb4a67a32a466fd0c8752dc556e734756f50d744715da596aac9db747aee59b52f35e4b9eb16352f9fd0854fb99fbc31f75fdff6d64b33f997907de7573f7805b02cafefb6be2ffdeb5f1f7de36d833059ae177649ad891f64211cc4b806fbd8ee2acae0837c39a2d485b34a6136fba3e886f1d7c4da6e5ee4f77a3a7cb8cf47d86477291431c99696f2a528a44e505b2b15507144ebab292d246baab2eb371309a5eb29f989bd6324712291b44646a5eeeeb6bafa9c1a1e08aaa7db922f04e3e621bcf3c1db7b71208d800a2cb4aca23c28680b4569b3c32d2f640e244fab7c4881c93ef540ca591dc1d7b91ddc4e038c00f6b0bcdcab05b16385d5aa220feeb3cd3ddba40d2bd50bca5d4c62be239a2be3166f3ca799e9056d7c755df3e75bca6c40118f8f6bfa1eb786ec6d6a9250da3876593df77a35d200c0d66e57a6bcaedce3b3dad8be57317f41c9cf66577b36de76e7fbcffd2f97be93f0cdef7fe00a603e7434163ab0f75d7d8ffec107c7227d6eb4b75ac23e85c98439016c963caeb2fc3d3063651b6694b83937a333972ea97f5b0b2520fcc27fb69d6c439354c10f3bc8b4358c9f76b7e58639cb3730b37ece5373abe48ec9d720bbd60cc1b58ca99a6baa4842a79e0eaa9caa289509ead2424db94c06416ca8000aaf5a1b0a60b2a3d18aba42050d8f3b518e9046fa22dab96b88cf802082286a12e3bb02848bc51135c2331a1a8fc96f196a1721b70db8333c0066bf821b303c3f96445637bc00e0d4018faf15a5e6e6b5792cac647646ade1940606ceabb0b1aadc8a5b271eacaae40ba9ef56bf0e1cf169aa1ff790be09e097d4d1874e6ae47614a0ff7a9244ace1234f68ceb5473512539b9f5aa8c472f7bee37f3cf1870f9af5fe6ec74b8606dfed0ddf8fbfad668a27a6f64efdd18387eb7ff4ee3710961932c632048c177f8a39ac22b0b4f1b96efc6dbde32206bbfbb50af5eaf63444a2542e326bcd7219a1a22898632f16c1c245d8ec348f33843280d009e35c80bc7a0381119b579a51bc7b50add587e59becd6744f530598b6c3377481f6712f56bf328941250b77285577aa3ab7a18d0d878e1fcb281e3f0b39b8acdd6f2de9577e72443db641edf0efb89f9a6748b19e16b8c101e824f66ea6e50d10f31b5e1f56cee123f280e93339000754af0daec8272f68ebd9b65697f6ab3c50d2f0fe536aa1844f3fb0a2f402e163cf1185c78fa9f7e6806edae154046be4c745d651bacac6d3582ed66a60bf42fd3e159f7810d8b75b1a696be9be63aaaddefc3bbf3bf7f2c237b2fca128404789ce2efea7073ed3ba77aa6fe89683c35c860d4226d95e3729d2ce5671762ecec94e773861cc0626e43f9355a14cbe2c68ab48aedc8614f7e34b9d80bc0642163bdd8549b6f1c19502e11aa6b90d60b2502a2f8ae26bcfabd1ff63dae629e97c615eb5be00c91d940872a5d144a12a7869ce1371cc2adcd75680045aa501bd1ac2ba142c5d7ca4471ffb4c5a7f07d8fcd5eb5132f2fc6d7bbf2c2c43948c1f40814b27fd4bc8d986696c9990ce1981ff33f13ef78865a9e656b5f1584d9b6b3728d7cf671d3caa1e5cc0a567cb5abb08e39c1f967b24aac8fe198d5fbcac5ad4adb0cfa4909baad6ae516af369d59721930eedd7c8e090ea673eab4a7a588d3d7eadfce3a36a5ddafd971f9effd8fff51fae72a7fed01460816285437d7dbff1d14fe51feefbf94864d85fc32cb27b0c22e6bbd3e350dd2066caadd4228e86a61dd9be4fd9fcf3ca0783ec642354dc01d535a57a89700bcb800b69502de160b1bc081ffe1bb055eb84809d300e9f5d2f1f557b68bfba538b5a4ed73581bf1702f303e4dcecd810cc9ee1e24d385632b42080b29e8718aa003a7ba5376e6febc14fadebeb4323ba263229c7c0a006a3f8770f4453adc2751b2b63b08211b8c10150c2308b85d4ac1247535abbb44b69578fbaaf3da199f09c161fdfd233e7c83314c8260ec534f376a776c54cf237a295b9a632c4bc2538867a654255272eeaf93525a64735b5fb5a3996ef576dad5bd96b26b5fcc0136a9cdbf37874f03ffda67dd95cc0d51d3f34053097772c9178eebaebf7fefde3b33dffea1d7bd8b1902e0e983153f164531ce1f111c363569d0045577356d6e4cdf25ff46a95086120066630e6d5d0e43e42ca1608b9c12eac83f08ddfb5639da48e5d27f54afed4c4d9981910fa26717648b1e884e25be7558904d4e505a5833d80a3600b42484f0ba057e57dbc1e1fefc2c234ad90c2b894539eacf67eb6a57ffc425dbd3f35ad9d3d3ea219f008ef75babbcc7f49f480030ca0255fd06a5e54f2f9b4d64eefd54a61b77c0796b563e049158e6fe9c4a9808e9f81259c1954df1d615d77ad5f1331b8809c0b6c92025b545548c00ef4efc68a71aee35c6fb84fa3375da751d733ca9c776973c7adca9c7944e967a3cb13831ffcf90f3cbc1395b9fae387aa00e632c7155b28460fa87b06211b61c292d540f976a5c2ee2eab0103671324d5d9d96a3ec74edda6f28993caec2c6ba087381e34ed2161dfc0ff9be20a27b460a34ec1160c73cbe44d31bd6dc2be56c54ba45780c9038c35cecad547b144b25714e02930021f6187140053e2a6a9e16bf39dd42c74ad3b00e2c0ca7829eeed9b716b5b3c22eba680eeff7a53c709156f8d46103951401d734fc8e724ed6e14ae69af29757a4e89e323da2a1d91b57d5dd383cfa97439a7af7d1e4bb080826edb2b4fdf694dbf29ac1ba67d0ac1f77b00bd8d76af128b4fa85df28003762b18ed56fdd2e3aad47ae4beed560de112ebcf2c283bf556aef18236bf5aaf04ec7b7ff1030fbf63eeea45ffc22b7fe80ac03d575cb06afe500bd44d58e41e67f111580d648f204c1d03a01b052051532caa1a70a90f496d24fb15c2b4ba61eb3c2e7c3fd6c002793b3c2176721eb9b398210fbb17a046a126188c908bb0d18074c3ba84720aeddc8b457952d96250dd1ede8b91a81bc6ae13aea150b814278ae763955a589096dfab816d7d4ae793baae3baba39f7856b37bdfa2bdd0fc4d4abf3c1e834bb24a2d80ec9f776b73f316d5a6d39a38f290acc48a4e7e36ab8b27022ab9fad51edda191fd848da7b07c580a6f10aa981472b3b803b0bba5d2b90da5af9dd1eee96daa2d3ea2ec3988edbb0f6af700aee9f1135aa8dfc07b0a5afff373f217eff9371f3af77b0fbd52e19bd7ffd015a0918c97f3a92226d6d0a9d0a27c37f90f27e9538f17336acaa22878080589f1bbd8a2cd156d8e506ddb7544bd3d263b065d07b9026cc06ae455c953ba0505eb428815c2430796c145d206f5e92852cb15941f8edfd205f2fcfd1aecddab65fcb37f146b02067080136ab5308c310ac535d45116074a64183c6351dcc31e6d2f04280ae9d3f24367f55fef1bd1877fe588a2ce84f2eb0b5a7b42dada3aa0cc604b23b73d237feab22e41e7ce9fac9090e9957fcf800edfecd48c628a73e939ac55b35c51ad50523933a56c938cc0c565157ab76bf8c67b15aa3eaac6495bb91b8e68d7d48c1cf39f5096d7593b225afdd463aacc5fffe7bfb9e73f7fe443af46faff5f508040db5b6ee3ebca847b3d41fc3aa155936209039e0481425cf802a201ad3ba1593deda8aa70f1d52e5b1ec0570f444abd6e3000e6bb49a285f0acc93bea9ccf26095401d937eb715c430b808f42108635289d32c275b69e93af6f97fad396d2055b9101c02351401516cfc3eb4de6ce5d234750a7f0832b33b51eeeb0a5be43fd9aae010e4b497de6735fd79fedcce9ede586d697ae55165f3d78dd29edc1f72f3c56d0858b2ead6f46e49ddaa96bdedcd63593e40e7c15798a904921afca60dc52d1a15c7c4c7688387ee9d372a6228abcf96e0df9cec97af682d676ecd3b65de3aacc7e56f9d323aa1e3ea4d8c667b57caaf7d1d1befff5b7ec4f5e3de8fb763df9a15b80a85c19478db0c68a76d8bd0ad532262de27090b421018381641783e649e33a3ae0ce4d1a16c46ed2a5980adb8e02fa20654c6edf0fd8f3bd1035d4891e1099ba48ead87552bb0d4aba6d6c353bba9421448382b520a02a65441bc3ac2e1495f4fad5035fef24b4ac17e11a48a7b628d8706201b8382c52989f89bf0929a78f98e863446f584fe8e17fbf22ff5d3fa1edb79dd701ff92e64ea4f4d4f122e8fd1a35c845f8a72eebfa77b5b537041b69802a390f9190aa6c5c8289eb912bd22d7fff4ed989afa874c9a7c42d3fa603e364229f7a5e973c531ab87654cdd35f56eac9a6e6f7ba34957d4cc9734de5adb13fffb5afeda160e0d51f3f7005b8696cac9b84eba83b640d2d96f2fe2e87b52778fcb8befcc939ed9bf2ab6f72901a3c370995110548187542299c73934c9e03856803ea5cdda6a60ea2c7e4f8f1eb2ef2f31608dcc6ec37aba07684ee06f8b5a9bbeb54dc80ec1dfc6c72fa4e8a3bbcb813abc3d7537c81b259895595d6865561070661201d2476ca3086cd0616c895e5b57c960a2fe012aa81210fe42281343c18d2d0b6baf6ac6634dbfc7fb41f46f1b3c70acaadf9d50e0f60eeb76b642ca3e09a537e4317436c35510057ae4b995241f9d97555760d6a6aea1edcd7636a42382defbe57070ff6c8ffec5f683539a6e0ad638a1557354b7268737440b1ea192d52fb37bb36a2b68752e5eff1f88128c0dddb76ef9871bade3a120cdcf3feee91fd4187063cc16e4fc693d36c655dc993293d7c62534fc5f0cf91f314d6c2c55330338e42f4f746d5d3ef54acbf4b1393a3004552a764d76298629205845a943c81d82d533f8f89972b062033342c8225e7df3035d808dbed8101344918536143686901ea4cb5ac29ba6801e09ce4f9fde419c211938d245d1dc2cf374ccdde30aec5a07c3e0facd17105d0c544a98a4e6e696036abde6d2e1d7f664e9f3a05358c9beabb61407b0f4bd35ea7b269d8b955874a65be6a39b8a229a55b33b2b71e51331051d79efd0a379e53eb890bba18ba5edb8e1c5274e1ef955e21bdbcbda11da4a90bcb492569392be3a652a481f3f5012c23798d7c0a80f4bd1dff620a6091ffffd9f0f05b6722def7bfb73b7af7b4cf19ee21fde943780d76a7498926d97f916a5d9bf87b4444091655b9d44114a13d6bec9493c7f0ebed0dc236c2413f021a0b6bb08f700ec175cda4b57d574ce323bdeac2dc87074925938bf7ba49be00024dcdbe85c57001aa4c1916f61ccbe00717e4c9c384881ec83170de362ec11d608792bfad801f5a600de83b7edfc0a518aec1e4e87149005227a184c31552ad024be98ef019bbb47d25ae13c796d5dbec27d41bd4e15b2b3a3025c5bc2e55b2441dc50a85a455859252da1a23af7f448ecc978876a937387cbda6e0111a0f1dd34a6b4a811b6f5560ebef95787a552b149aceb8a7883e8284c3e4275a613583b80b1259d66e9f069f4a11eb8441c5dfdbf17d57805b27f6c70603fe9ffea391edffc34ebf73ef14cbd74d81621b50656a1c5b98f310517519539a2eada90c5d8a24d8512c337fb7f87b1813ec4529c2fcde63787c5f1791363ef7425ee5595b755c4492f4e8d9e6ba6afe86823170407f5d7d519f7ac7bb3473ed8806bbbd8a7407150c0f52dd03aae74e3decfc6603853007b46ddbf00dd4f535c9a8d560fd6ce23da7872804f7e24211a068c8cf1b61f33a53364c31a629c874a1a0c6aa38dc7d8a0d75d3f81156e20d7d7aeb8f343512822780b3cf63689c98fddae29c7214940ee31262233f26bbf880ea8f6eeaf29e03da3986db3afe31ada562d2db6ed7b4e349a53fb3a4d9bec3da3133acbe9d6d720054f89e21aa211d1d036052f2ab9217cb4f689bb36860f81e8fef9b0258d67b9c3f77edf2fb6fef0dfcce5e977bd70c69d4004274b35b31b42ca5c9d6b5f0d164c6bc31c81bc2ae461768bb4cca378ff05b2a63b649e9a0e5a48289065abcc68dd0cc8e0fd17019f3734e14a446b858271bd700e5b7bc03aa6c92f0596a6b999cfb3c6d5bcf4657e5c084bb8208c9ef50ffaeb046877d9a1c1fd1405f583d7d5dea0278c5ba60eee0109a68876dcc3b40d289428238500e169bebb79af010a604bba3c0a6d2176b62b00138c32891bfcbafae5e5841d2c951aead8ee56ad550f6c6a832f92db516120a1fd8a3a1b1b713ca5e50f3a9535adf7e4893d7dea59ef8df6af33859c95bafd3e12156e94b67b535f826edb89704d5588dcc628582182c96295fc71ab5e14a7a22e4ffcf8d537892b2dd0dc290eff1f8be28c0db77eddaf93fef0efec71b3dd6bdd3410a2c5840e3329dec2e17a552067cb98cdfc51cfb71c92d923efe7050fb7a0e6a0216af58a6b68d306a39572224da500952a78adff5b213dbd4db37510093437743ee90ee472ea62680f3f319650417a576ceec7027ff318a56c157560a28090ad2c4d76f9d2ceb32147333b04a778f140837e5c13a8c6e8b504039a4ed3d252a887a290c0144f27a178a68387d4c43e7b36c730ff008b6690ca128d441aec0023b743ab983804a14b3058357e05ea208ac5a3c088e01a4ad7f568dd1318d5c731d9c050a75fca8e26e2cd2c15bd455fcb2f20f25353feed38c2722d7c6e3aa0667107e52bba369002fd5466099fad212a1a1a5b8b5a2ec23e70943afc39a26884eb66a3bf35d4bdfa3fcbf7722e867a67adf71c81ffec83e776b2846b914f93cd9b0715e922314d36032b9444ca25d87d265971b9ad4344958b07ade60497de4f07bfadd1a0d46b59306c94aa587ca187aec8b75627372fb656a058a7995a889b7701bd805762c26999d56375940e3af511463293a957f2883f1eb26f5eac7ef3b022170465163862eaeba54a296a091805cbe54d4ecf30d3def27134818199b5ed5db3e38a6be378cb3f86897b95ef80017fcbfe9d0c1e6c32dd0a5431bb8d39468f339a825bf8778aaf09901fc34d5490e4dc91e3f205fe23eb536713d37dfa0edc303729c63b72f00586fb89d34cf134a7ee1695d223c8d61ed0a540c47322dadb7c81350245acb40459bf01788e7a41e6039d82b777a491b849647079ed548214906d0639fac5eaafee1f7a801df9305b86724f60bbb1cad8f507ee33d6a1a1b3099418a20bde4bf7b31999100858cc4f561767118c4ee4160611cbd9b58ddf857937e7554b84bb26d6d327e6e8a309cc4f83dc4df4311166190dafd36f56fcd4910705135ac423a672b5dcc298350ebad229975983bc301d05ad5646736e08d2d7c7bdb9470b3820e041f22e677baa9136067075194baa9e64189cc6e779658702c45f2685a9f58fbb4b2bff33ebdffae612c153b9ef3983a52a3b8a607c00316319c84652a89b917ee800ea27530a39b8c21c20d8eca3bfd3e05cb9f50ed58452bbbf7687ce676f973ffa0e2e9a2e2fbafd73459cfc2030f6a313ea8aec3210d4e518d34e151d7a6a524bd03a5424821fcbecb35a6ad4c5ae71e9ed3f2a30d88a241ddd44b610a58e4b26faf6a6396f7a0bfeb4ffffd5d1f3c916fc62fc276ce2b985cbbf85347d73ff96e2ef82a8f57ad00bf76c3afbef3ada36ff96fb15ac1b3568803ea929825b4192ab54523c30619bc203bc3410d5ed843750d05195e6c7614017483a87d8465fe7037d9b916f00e5f4be58e8d201b5972f8a4f85ca612a89de675f879774601932904a40d517255255952f74e747205155ebf9149b2614922612dca286189ec9c1f452c53fe6dfc71cd248a68b670212893b071e3e7dbbcae8d192fe06e5c28483f8d1a7e6a0a1ff9e8698d81e6df364e35128d9b4e046e4ab86b8047cb54f3621d1c64061d948f3b1cc7b5026d5b6bf56b88eedca1e977c9177c52eee797756e6448dd3b6f01c8fe934a4f5fd4f9899ddade1f53f1d14f29be00ebf7c6a076ec6babd7450d811f0c43bb592d430d222053ee1942c794e63f715e0b47a970f68ee88d7d5404e14a93d0c63bc68735b263c6e1e8e97fbb23a2b767b2096d5c38632f5c58ca96ffddc0c7adf7581f22df81197bf9e3552980656df7fefecfddf9fbefbee5900723d7998c515a2b2a43ad7a05279d8e53cb9ee5e71c315db3a20a7c7dd2b44de3d3965874078836e263e151906e489c60b385b92e7484ec66d706f0d72127459498466f0798e1eca17b6ba07fab4993668b241048b88dff8d76a11424871a5413b528eaa8c005d4d9b6454c781aca37cfeede4209cbb53c0a80e9c62de1c8558355b440f32e2c4cc3600c005cdbe793756e514f9e2deb767665c081e9272231bedf894b7ba1a1d387c0476005d3a4611fd6ec579a4acd58dab7f39d8a4670074f3c0c9689297af02dea7727643d715a0bf0111313d7cb8a3fa8f23c56edad966e9b29c26dc283122155f87d7c8e92346a9d5697f33affdc296d3d95a52c0c25e9ead5616a1263b8a12218a70bb7d6334adf40982ce8302ed6bd02e3f8a45aa955cb9d2cc602ad9ef7fecab6771acfb0f5f2e27fd5c9a068fbfcb17f6c7f7cd9af6818010c130e75fbd43315547fdfb4f644779252bd0eaa1581e469becca21c8b2515d79614a7222647f857c0846761f5f2902e1e5895060c9e97dd15e066c1bbea826cf1bb710bb88e2eca729dfe2e4aa240eb64074d3c4f213f4d1f86d4413910b2091b2dccb4cf0fd903e133401bf518e74f72ee6ef8a11466bf805254f9bc3a089e22215c0b2567d4eae5f9ac124c6119f764acc8d6c5b85277f5000a7bb11480189b5e7e9c160e04651862e757955dba4f17ff29af45270d19fbdea8eebe31392eff319d453e657613df0f78e47cfe7e2d5fb695a7e6c0d3d8ae81ecc7c8f005b46f5b850a676349c840727e57911ebfa5864ed1bae67fd8a50dd6753030a83b8783ec7a8034eeac09fe613c85224443ca8379a606a8127e485b479fd7d253148116482af13fbb5d75b7fde5ab26885e9505b8e31dad60fba8157b78a3aaa4bbab1974a4d79c8d422460d509bd8f3ab75359bb2d06553a12842ddba1deb15e4ddd40b56bf72d08ad8f2a167cf8b906a3501695d8caaa9a891332cd633d12cae0128a08721ea1991e3c6f21c18dd3a2ed4b91b20547c0fc750124235e001ad5b706919b05b269c1ea8ccea901381157b691c2f2205842651fc48f130bd442f83e1a431c3483b7b0125bf5bc9294916f19c085c5a4f5125d82f75f4e295e1ad71858a593404248c00714017a92dc835dfd4b2d7f6156f39921796f3da2b111ee2bf1872a9e2c6861db2d9a9cbc558ee5dfd3fce3796df68ea87fb407b6d0a781b41427840c50ed849d0760723a8a5b2ea7e8eb8f036a2f600d982f704db8a63b025849c25da7e11e488f9bc1114eaed96ec5080db13e0b0f69fde975c5572ddcae21ae5e482bfb1a0d673444defa2a8f57a500e1d4d674ccd51829b3ab22dd939fdb71e4c73fdc5c3adbbd915debc9342b438f6fe5c79e5c2d4ff94fb6c61cd673033d5e47f770a4ee9e9af46872d7807ae9b5eb25bb3573dbb4763bf761beaf552d69abb0d05072aba0f2ea2525536bf0e545f2f71ba47569e2c042c42b5980a24b217645884c9d077712a29cab9730ca14859a4a20e3fab2700439dc4b11d35ec37c675bec3442d07e6f440d9a3836394f9a055bc53564b9078217fc704841dc441e54dede287742d2eb7b975032535fd08f6600f2e8c275b61ed1ca83e7356bfaf06fdda37d3bdea440e1af54bb3fa373a3d39a1c81dacd7d4ce54f573537d0a3037706b5671480eacb9853102a9ab4344417d14f3ed5d6539f5bd5994788282adbd487dc6e01e30c9308f3c098124ab10b4c8d113f13fada98ff1a5cc0d9d433dafc7a46098067c9e03d4076947bf0f333dbc1c38d7396ab3b5e9502b8d2debd16e3b00c39e6eb0a9fdc7fd760a5bf1249389acdb8d7e33de328e7daed86dfb1b091f12c5d9a0ba7d2c5ae64b3f4afe30bc59bbf743ca972750d737e5ea3a474a726621a1d706b26d60bf335aea943c3f201f6da170eaa00bd5ac621e417934a9d3da6e4fa3cd9342c8655500a1ab74e84e1a04edf245a0298fb2e2a8280788044131ad22cc9ce7180fefd8683a08eb08ce09398de15e2fa040b5a071c16b0326becca6e14e946ea0ee73943717d4b9b4c5b693a47393f45a33470349b13b8a38bda7cee619dfe3265e4fb273579cd9b140c7e55ae074fea7898b90231a8677b56dee5733a3be3d74eb8fca9680ae5c153918d6c36e10cf8d926ecdc5a6ce991bf2eb0830f704f2edd19ab691f8328bc2083164dacb6899610aac7348f6294b85aad56b668455fa6b4acad93d9b24e9a0a642c62188c318dd5dcc3f553cfe0f25573ffb20a1075870f19e2a5dd24da0ef4acb8aa7957c14d6374d376d61182c254cca280937dddf6c42e6f3e9039bfb9f67c20293fe15c7e5d8ba93eba79123a9e4beba153003a80dd786b4bddce53b0db2d6debf702ec063435ee21f7be5bdbdfb2533befb89638fb90ea49c2a5055aa7120525e20b2a642f830f9d2ae023c9e002e888200c9bc76e095098e9040b742c08ca1a27ac4b522398c5df17f1fd49b8ff34eca1835e3c18676afc290e35afa916c8c4e178ccfb71096d51330609555ebf5f971e903629de1cbce13d9a9c48c9f5d8933a9fa0d67fbca870f130a0930e07dc44457d6ab34b8fc613da75a087d08ed277328a404f5ad18774fa81f33af92c21f3015bef409976935b7031fca99528017251dc3c6971c390027e0b58b0f5d2921693696dd29cf20c7d060bd596e228709902177729dd7199296a23f7bbba1d2ebfa1bbaeee78c516002b66fd52257d6da6423f9a6720eb1fdeb9c96004871bb4dfa1e3cce7429ff27f0442a4cdc0a476d6154ab5ac3d3ed29a8552169f5d5484b8bdeca6d419bb5862375e06983571b48e8a4b8f2cd396edaa28747a4d435fbaac1d7d8f68629046c8015b0320e0e8f088460e4cb39013e4cf8fd054ba463bd882f2d90dad72fe0a3e3b8015ac12b615c99856c9e1af829dd208bacece5a271cccf3993eac82493d5708231d9d1a42f21408d09567a1672f297fcf28052754fcba5180ca7d9abb3fab392a78c277be5953f875fbd1dfd5c9cf4baba396466910f54f87343ecedfbd776966774d139ea3bafc494bcb2355ed89cd9b24248ae6d6d9536dfafe2a28634bdda71ed1b1d4b35a8395ec0ff5281aa0fedf39c0100a3a949a87b106715d3efeb01637b01a58b693a5bc2e111dcdd227617b0193e54c277c7661c916c0087d84b49126e8fb2a8f57ac0077ddbdbb3b62b977a4c88c51051b1f9819a353d77069d4f551d3df209e75335dc3e9a4a2ce07931e58a9f91f6ffca4d7d1262f14204ca3449afefb026c60014d2e1192d5f15d264273b0201e16c0b487e5d1fa34c259c1283e4feec30350f41daf62e657081d2d0df5d285db13d0646f44435d514d9bcae1e894426b733a4dd72f6593700325250055c60da4e127e2b07a05c22e982a59f90cbd7d65f5f5d3e9836294e1edab741a7551831f2193535da255ab30433fe10e1698ae9baf3ca24bb31480deb94dbb76dfadc0c69f68e573d2256a0477dfe2d158a58b92b06565fbf2d432a4b5cd7f116b32a6d11d251ddb82a3d835a762dea3c73f15d7f2c68632307f41583e17256fcb0bece639a696583494100505bc1771370eedd97db3c6efaa29f330d68e5ac525a29b6542c7357086a912ae838bda98e298638b880b1c811bcca2c81e07654c5779bc620598ce87a79bf5ca401933da0ef42ff57659d56ab585a8d824ecb280dbe29a2c4479ce6b9fbcbcb734ef797341ddefaa9793ae3a244cbe5aa6e60ed2a39851913afa323bd10ba26f217003b59b801f0760cc64e92cfcb2d75833e3af116081e249264a6896f7bb13157d6ead402ab808ebb8aa29029ffd3090832c420436304f54300b3a36cda769b65e09cec04cec088562987c721228410546b1411e221a3524140c1d96238acf771252baa063374b83da173a4b59f767b4f8584c5bd70ed07d7c5051fb3e398fcf69e3d0a08eec40695a9052fd118d4f2eabdfb948db39eea309b0a559c4f65c928f26d22ffcdf9fd639b0c3c29aa50cd768aa990620bb7c28ae656865a689999ac436612e511ed9bf862e9e84fba77aa8821b28c20324e894ae4cdd2ecf20696fac5d965d530098d238dd1869a6ee6770edee6e776472283c12ba4af9775cf5d5beb6f3ba80c7dedfa635b66c46a905c2f31341479ba89c5ddbd56efb83f57033de5d584dded458b57fac10f71d6c38bb287a25b983800b50b78625aca1c9269162924278c1ce0298499b915eda9ea8946912aed908cf540687a0935bb4637be102fc245d1aa85693546d1b017b0807b90a76bbc13c41cd65b6880a9cda6dd83d84e9e72bce271409fb7afb0614ed1da60f916bc0e1e7d33918467a04293f7781be1d441a5bf4144e1149b8f0ad19f2051b284836fed79afdb44bb30384b211327de787b43178922c549f06778daa170b141e4eaa2ffc1c194efc357d8275f7b50a4472baf0854feac47d593d0d38495d608257ddcbf5b9b413d46ea1fc2e332c8afba2d0b9830d68214531d8441d444f5a3c8c6212d1b8794fb9ca3ce2ae1979f71dd248fc796d7c2313e14309603a1c45cfee7ff77bbb07169f895747db9e3d30705777bc620b4085e421273b2d40b54c23dabbe0abe6ad56c0dfb6fd1bfef085e44fe5cbf57714f28d7137cd993e861a3649ea94700d45720535b4deed27aea563b602fb67faf65de40c0cc76e62dc06346780a10765f2024d34de6bcc759d0212deefc1c6b83a6959940d4ad4a6ccab6d787f76b3874edefe61fafa56b6946cf76995cee2090a3f5c08d381f5f0d02fd886a6f642e094ca59b28f15e561292b70060ec3f9d36ee6f3526c0a4b685b39333446d9d402059df76be76c59a7f323148f8eabb9f67625de38ae1b7b9e56e2b9259da0c6bf67dbbc0641ef95cc845216d53c3df00c99d37aea2f3faf07ff81e4cd06297baed1cb649209eebd1bcb59ab99a416b905943eca7d01856017b927f88e30d76c80ab1bd26a381a548866d735dc6d0effdfd87e138419bd83f43214086fcd1ab2cc6c448752ae86e7f0fd7f563e2c5dbc3ad1bff0aa57a4000600febaadfdd4dc32e368b266c7c6579b4d8fb351ce3702cfaffcda662bf6338e26744abea1541a5e3ec9a8322a63c0da2c7c99562b6afdb9b11abbcd368a00266893ce35fcbce99575432c1b73e840f86008f603e691789d0d41550cd542bcd6b802d36767924e007392337e054c92865d6f666ca5c67668b27b55c1d359f005d8a19f9e4328de267863757959f902c91f62fd260bdec6e49a193f39d83f3796c319649101793e94d5595e66f76ec85b817809edd6d8e0af6af8ceb3a0ec3fa7ab987cc4e84e75674775fa8bf7ab7afb1140e16d0a5a6b5a7dfca37ae8becb7ae8e18a3641c26ea29111e2b83ebe7b8cc521e2f1c0625a846c41a210271551e6063d80375297849126754e5f22bc4600cd30556e5b852c6e63547188a9facaa2b6b08e15380c1f6b609254b478634e0115afe278450a70c791233d5629bf6d952ed67cef4c6a605b24e1c60c7b8b2bbdf96ce19e0a0594dd0c55d86a86e1da59687cae4d4853e1a6cb305ea612d7f4ddd70875ccaeb68d04b97fd31e6e9a3a9b30738496a4762999a664ab413856e13d2df87833b7a30d5f6fdaad9d98f616790533b431445229883ff7013c2b865aa3aeaf2fc25a002e2dc05d18c1b6e1fc2b74eed499f5676af0716124778cf5e0c3b1404dcf389dc9890edd5aa5beb08b8c64aa463cbed12bd7ad14674c1dd634451a07573eafa78ec227e0d20aab0bd24d7769ffda5e2d50fd3bb8fe099df9cc53facafd987e66f3d4991be4e0da4328a6132b54ac66e1f17bc971500d85dfaf8333fcdc831bf784acd9fda61b113a9c7bb7b8763716c32869b398568a35598f0d621f2845e7da1bd11105d90c7eac5a9ac11aa4b5cc140b54e5951faf4801a6fc956dae6cbddf0a4449468cacf7f6fa0baefe46d53d9fbddd677b06dbe4cb0b98d10ac3176a2c7485522b736366e65e9045c89b61099840878ff20a2a7a5b4ecc320c5c1541b70c03878b3029ac06bbc5c58d6204d8a5a47289d9eb6c050b81fb8c90398705586ab20b0ccbe2228a0840f0a48c89c280fb88307886033b8afe01b08a9b4c9a9f0aa5b5c23a2f20e368846f402cfae76408b36ffb3d347b3ca8e406534860ecbcf4f619746e53bfbfe30e870e525da4c02821196d69f9d364222715bf784ea9f167354698967aea3feb635fa3c9f312ddc44d2a8d825edd8afb1a350acef51750e0d9c286e26439cb743b998ae52660d60c913680b54d945231f302b926270a6e0a014ce6c1890548e71cda22144d730de5ecaab6fc7d0adff20e753dfaf72a72ae00a459adc2f0bb0ae549afe278450a10687af6e1ab9d8d1a8312239185c1e152d63f7bf4a67abcf94b69408a07449d355c1c746d0dff448b05440a33f84a0802e0e6a008c4a8a91333e7c7041a3fe8a6b0c30e043b255e2e375a8f65609b7616c004cec892b2b232008bb56447385000335ad52cac0b1ab759c28733d5ab4ee450a2dc8c65636217dc0215352629e4342129c5a8b934a15831c5e7f30acca6c707a70f3dece0bbc7ff98a6b3949cdff4e33a34f855a5efdbd239c06ab51cd40633f60eea0cd686cc5e3443362fa7ad7bc63430f4b866bf789f3e0a79b398e63acabd2ad3cc3a41d4f13eae71075627ccec0157c44f354f5c83ae88be9a88eb02e67bc4c4bcdc970b3f6ecadafc9d5a062c246bd3308a81b2db28059134d74036b31e2457c2702aea04bc589de9ca1211cc9612fe814ea84bc4940f5ad4c2bd8ae3152940ab90389866919b2ebfed08142f8d7df5f1b76552ceff2da5ae9ea0df946961c4007d6c652e0ca4c02ef561daabd4d199d0cfe3edc614130580138c290f501bc800fcceeef782f64d3328257afc1d7348acef80443203169db83807cac1ac6cc021568558d7cbeeb6713f90f89dc56a1a0b81db0800c8baab29983e123c6ca606ca467d18e69ff97b289797024e636978137fa34681a614ebf4a41e1bb85e87f79dd5e8fc29ad1937643e8719038b1b1e6536c91d541e52866ea05c36a5c5f9cfa9b558d42205aaa922d433eca137d0d03e94faed4c133dec86190c752b1f26de6f2e6b7d8dcea7869f62589a5ab866d34ddc4b92276cfc38d191b15a66dc8419176334c336f8079c5362cd92e0852c0a65c26eca9715c850087bf69cd65128f78ffdbaf6ae3faf935ffeeff1e4c563ffb216c0fa03cbf1a1e6d8fe2c615889d4d950b9f0de54d23be52ab62d6f8cde3ccc9c61f410b3cc281d936db309e73c20f636bdfbfc4824405284f0adc8cde4a16e4d858fb1134d7cb18d62997abe168b6043edd6f185a67ec0c1e22271f3173004ba459b96d74f5a16a4dce65adc08dab471bb015a66d75841a664d375c32c3779a303648d31b18493c6ecfa218c9a98760be46fe8672f73855cee6dea9f09ebda9e0715f9f4057d6d152049fec1cf9db8a9536c97600f23f8ef208c1b914fce4dd1c6a3553db20a3863da5815d2ca0c90bc81cffe294f3fe35afbd5e8a912429e628055552946d0e5b1724d235ce8601f6ed09492f562dd62e017bb0e0e20c55b65bd4c0868a6a659ec7c53d0d20430af53c29662024a8bd734590bcfca9c9279d8cee9eb74eb4dd7ea7f028ffdc113de85670082f4427086178eef7b41c8f55f1c890136b665b938978fde9b76753a91dc02cc30168d4a961c3bbd46554e21cbc315d8bd55cabd7c911efc3bf37e0c68a38ece456188d39465e31e1a5c6b1510e3c4119b0724808b41c8847ba46ed9bbf8ee2c9428342cbbba896568b080c6699879010d66007406450194bcbc97f811fe000bc8e2fa49a498f111cbb88216747511dab7cde0e51a317eb5689431d91907df74318265e7888ef45dd6d8d213ca5204325fc005199009676f2698f929435b7c66490bf71cd1100da3cdf4715d384baf7fc54bda1aeada1055d414dc129ad1cf75c5e0041c8afb97690e659043823a030a5f0a28b90b9fbe82655baffb3297cbe58fb4ad86a3df631f1e74b677f53a9dc33d8d928bbd43961363052834a3ea7a43b828f30c19a6979649089589165c2631858214c0351e5cde6dd1ba0a6757509cd6d96fc8bd1330f1b36d94e16a94e0aa5dc0dd91c1378732c9414fcf21120f252d2f9f02ecb1583d334cd7843c31694e045cc27ce6a88c6de3bc1d34320460359a101e5510780bb046ae8abdc5151affcb8d52c1408535fe17bfee818ac566b0434c6844d70f6ec1891fe75d280f2b88e974621a9b06c061f2bd0133499b322fb2690d3ed70c7e8e80b0231489d6b1360682ba31c78d3af9832058a0f41c6ea04f91b1839adad7d0dec2636a1c5bd225f39027b882207177d30caca2ef3fd2b39d81df09154ec7f517eb7f41c6d2a50093c616e22e2d03e64ca6b6cf3fa4ebbc837adf083c41ef822ea72f90a7a77f812ea00c25f02edc8c990ab60600ed03a4a71b81cc8952ea0c5dd0dc60f9eba0dbc0a02f3434e276ec6eb7eaef22f3130b6275ba3005d328602c49bd02b9833640d9cff83c330cab667a19d950762aaee73ffe115ddc5cd562b9790a79b39826a0ec1c061db3602f7f5c9502bcf7373e7de8177ffab73f3cf4f77f6c3dc730e3db0fbe47e7289d3a79e934c3162951c64ff9bb07b87e8c38039a7c901745b2546c00625dc69d62ba30087c676a173df0157c711595c72150300c13661a2d502ad37563112e567970821b5fda823031bd7b4619cc20656c4547897c8620025f54f0ed2e33749105331345ca3552c0284613e6d0f4051a80556296506bc78d4ccd7e0a20b8432bbb6e66e8d253da79e69c666719c1c674313705a266b68f19e916e67435e784260f5eafeb5a4febd1a7716b74f72ce428fbe61a6b5407f9b98f5e3784d0e061bd67927e02c7739abf90222185fb03c09a0738b8693059a7193484c5dc09d913a7e5a94acb12de7312e9983d4018546f6d96d2a698f8d8e8f89e3b925e67ac95253c66d2989bf0ce0746b0289f6fd3f964020a1b77635adeeb28bd977b3fba46a414af26999c7999f3193af40510f182f0b993973f5e5601debeebede19dfb6a1f1d7bcbbd23131ffc15853e4ebf7afceb7ac35b26d5f8d9776a7ec5a1f9d98c4e9d3babc5cc2542247ae60cfaa28235ca30273f6dd06c08983c7c294edc49958e69f46c1229b43bf5f6809d120b05e70f8c4498ec766ed032cc98b905046d763ec113a13d661e931fa071b05aa2c0022b639c8789161a848d2546c1cdb0e3fcf8f08a19c288a05a848edee02905e796746afc6774ef2fae6bff9f1dd583a731b708dd47477019ba358835130f88e8eaba46db6f1dd7c0d833cce365a618be772018d13d5da6319354304c628682d081d1711d9ebcace222a3de160bca347c005a9443cce78f4568dc6006212deace9a8747ce405171991e5833e4decb5d1905f8e6c1f2381d7ea7d3476b5bce94bdd102df84406b502aefe069630172200db08fe10ac3a64184f56b3160c29ea6f864f5d4f3f5d4064386f9682815beccee375fb8d69777032fab00a9f140d8995a1d3dfddbbfab67f673d377dccb53b2f6cab90265bab9ac03b1acae7f53503ff2e66bb414bf49e7cf97749654eaf20ae9543f615323cd0d9080c18c45c857b760c70ce9e32745db24356b66f156299630616317b1ae297e328d1fa69bd73c4dc3849475cc3b5b0a0b6094dcc4f1947f19db60daaca9dd374ff5302e87601fe5837980670fa034ebeca0b2094c8f9fd013c59a4a0717b57d7555f9852eac0ead6120f032e3e07c309011aea98bb06ddb7b2869eff9a256fea9a2c72fd3e2cdf57afa0fead0c0b006595f07feb73e08b115384e9228a5a535425c94b544b8ebf58da94c4da28bacde047d8ee438493d737fe5cb7261babbbc61afdbb2b00b183f73232f1c50426c724fc0e4d2a84be41fbc87542ad3caf80de0d5f05536f7e7a3c7c185f2d7ba9824f6a6f768eae29755cd2e52a180df7c41a978e537cfcb8f2f7fbcac0254d397122dab703455e9be7be5814dc58f7e547db7f4eac0cd6fd0f4c035b23679acca396e09d338ad4dedd813d4bd776c672ece1ba873b3b588ab9865ccf9667e9532afcba0d932e55cccde253228e1f72b98768abb307b1469d0fde330fdf86c09620b70056246886ec22b504d27146c10b6b5501617e4901fabe26e537c09fe3000125a005c91538e1d627a0e6d5e67eaf8ccf8d714aae5594daa4a9d5e1dd05867c7db6cc8a0bf979232aa935115f2813afb382ddb8bb08c54379b47bbcd713d6a9fd4e5490a54c7ef62de714289af3ca00b8fe2e6787f9c30d55d05dd0f6cdce0a97e0000273849444154232e9fd330821f34c5b088df6c4727d74f57a706fcd3b5c542fb6cd336d61a73f6ad875dcb27d325f22036202f88d23b3a15377439a11626320870bf15368633daa59143376a327342d5538f5e7ef2dcf9e73895d9fd856f3d25b76eeae35ee678590578eeb9e71a6f9ddaf35709a77577d857861829ebeb9fdfd085afdeaf5d439f51573f3b636a987e3b0a34023b14c942b85c3caa6ef8f9b1896ee94730c7ae9bb44ea9f8f145e2ea650a2097d6898d97286e5cc5b7e13308e39adc1c5171872e76a01cb0e49d522e1b6d68102a398cc0cc9ec18db831a9800159c64f42f2d43093503b1d975125e46b775845148998db4d88e6001718abe2f7a5554d2cf15e6271f0861b17d5cd6eebc7da5080d349c70ecc31e903a19916f312bd0255268924e757f4c7730bea0f9fd68ffeabc3dab3d406e8bab541489b705267181dc44dac6bbb49fc70e58ca4e464d0d380b581760f1140efdcff195f7cfe44e69ce9e57ba9357766b2e9f59eee01c223a7b350e6a114b8beae1e2a93b16629f228bd105a1e1423005d6e1fffbc16b79695dedcfa18ba6e046f3ed8f87ff3fdca173fbefcf15217f3cfde35181eaedeeca42db95c10434bb4019bb5c99333adcb64f496a8ef3b4a7b74e839b906a6d4b39de7ea30f7d63710d1aef694fa78ba6608603481af9d18254377bd934aa05b9548dda873f3b62ecca5348b1f5d4fad929d63ce0e55ba86dd2e83e40d1deac0f7995b43ec541291330734b23d31dfe63249251365b830a2a6cedff873630b2b608b2aa9e60671b7113e394779a807b8b6302f1f9dba4966c2f7b6980e06d86a1bfe8257f048099408d008105c8504ca80437af89c43fea82efb073be0325148eb8bf79f549b4dc030195528716bf9aa9dc29469c06b128be185063689a72e1423e19e49deb7327bf4e134a9433e894bfb4eebedc81572497f2eb7206f78c60f6834398a2ad54d5e5c81df0b9d0c291401ebac6f6d51d90c135bb51f5c5f9d7f88731a811b82d5b815e345ccbfaffaf84e17f42d27c8446dcb20f56d64cafac34cf100a89489e77b497664e0f1937c6c066ce3a49cdacda895048997ee7931d0981abfd105f58ef818f238860f1d93f74c942cd6aca8eed204e6ec2d6f8b28d7cb685640d4c65c4973b31b3a7bec0280725349cac4ab16608f1de50506e7216f800d84579848d34103abe7269474a324a6aedf62e106e83e35cd9d6ecc858350d054038d45a3ba0d158a323bb84a78d64dfd216117678569848934b15391055e8381e4e9402483780fe77540483951a45fefc17dc4863447e5f20317b6f418407438443d4057583b51181782026fe2d6bcb831dc07e568a7f291e7ff3afed51339d3eaf49d05ffcd7536398fe4eafcd391997ddd3eafab3bcbf5d8e4563c51ac00b8a64a26d5e4561a5827c2ed274af1a53fe6cd66f71b061093636267b3553a0a60acffcb9a7f5efb1d35d2fced9b47bb5c01ca3534481c6f7049948ba891621d26d3b6872eda2abb25c9cdafe19fd799f5b34918678a3d7c1448d4569aca5d4a6bfd29ac42eca2428c5f1d99a229727088f93d6185e2318627e4354055ce2e061ddffc6640d5bd372a53a40227de66e2775a274f5083bf7a995afd144d2519285cac031bca4389b78f92af0874b000862d2c449f9b62102c478bd8bb8bb0e90666feec406055b8080b441faa2799168e89e77a4d59b9e92b247023cfc6cae16b27e0227ce012f348360a5cb49b5ac5215a9d8b9b1bea07a30ca181cf42000d320b7884e9650594dde9c5dd501693c2e4a7da61cd3747cf7e62f54b5f3767e4b42fb5c98c705efcd531dbf57a652bb370e63edff0ce1bbc1ecf764abc486652bd04875145c1395fba55cefe537de9e247d9ecc69d984bbfa200c6021805b82ac1f3bacef1521777e56f9deff7746f8ba6baa3ef6f424498e6ce2a806c12931ba826a9af77537685e76614ca4ca047233d83d0b4019dcd6dea0c4fd2ce43671aaad48c49ef32afcbf1d4cb2a898d25dabb1a27990d4852a897cadf010a3af6ddcc74ad3b11e838637932ea4e6ea817faf59aebdcbae7f61115b72695a8457932b74b4b443dc5398630a6610861facca356baa9b48d8c305fa8f22c3bd185b2523380ff9fb062440d7c6e3b051aa74113a5b318fe689193d8243f9042443576df34b97613541a5edfecd93ece7a239147148228558d2b4f6e63095a968a968e2b32cf9fc8219406bb138bdfb184199466be32b1f699f5279efe86f00d6ab972bc58e04650574cf6b77c87bdac95e68e9f66568e2fd8373250a9547b9b5ea7a7562c303b6eeb682b9bc2b67676bb11bef93216e6caeeef7cc6d5ee7ede676a09bebbc2bcffc8feff385377fde6e1318ffad7534a11db86209d0c1b55c7d43630a5390059119f052da35680222d16ab5d726a1fa6b78639cd93d35ec36a306f99b230081dd8bc7e0392f85d0013eac3b27802bd9abe754c9503439adeb397787c027e87628e15ccf80ae35d37e7d8692481fa83724e913f60146c83291915e8e61a08b93337776e51ee47d2b075412d3108aa9b4de2e5fe9a851c619a6932a5a48c1e8032d6a300b05ce2774180e235b88e00ee2581c54ae00242ecbabb99e811a5546c0b45592b14f8ce1c03946399c862164bc1634ab413c5c943409969e4ebdcc7a07747fe9f36163eb750649ab3812dff7c979b6d6c846502842b5f57ccb7f9bdf9320a61be1bc19abf5d11b0f9ddb7bfff8af25c31fd5785fc39cf378f9755805fbdeb867f7877a9f5bec9c9a65616529036801216c2947799e60517d53b4d401739573a6c40e2065183c43dfc7b0410d60250992a1fd207a81b43930090eb2cd88aa987834f35f5791e4c2e3132fd720e1e8e9ec2bfd21d436b78df619a2cb7ed54fffe03801e0a4799a2d92e9c95e3d8453e8ecc0018c4cd400ad3f6d59c67b0c41cb5fbfcae6891baa5ebd6ccf5595dccd34ecef37d91471b652c0164d7b008e65a87b9874ece1e0069a451e2fa4c2bf89b22346d82799629ba58a042f30255cc19424d6361a7502227aeef79eec930730328cb1621e776e758e38978e94b5fcd9f5ae585065698a363daf97e45a846a0c664d3d4d8f9faf65d6c5e67be8c40cd9711f895ef2f560ef3fb2baf339f6136fd77dfc9bce8a58e977501c9663b5dc28736aba620134066cab25884166199179ad704ed36e8d4f8d28a0951c003a3305a3c668f5d0a8e074c99c44fcdbc9e85368332fad841fba8e271f07b935ccae1c78dbb5826b73f07dacfe651904c51ddb35562fd350d86bec0f8f62ef5ee65f286e33c8f4fa1798447b3c4b64d2830119697ce5cb7639ba2a5f30a9dfcdf55fc7442ebebb498513a5ee0b33c98e622283d8ff093ecfe08e1d40ee8e41875804e228134a196c9629af172b7c0b459a4761772393d9e4ce8b4a9ce857e2dc13904083f2f51547a2754efad28cba3287a02653808d175325b791ae1afb0c8664daf08feca8e358237423796819ab9ce77f36fa300572c8179ed15815f79bf11ea156578f1f717fffd550b9f73bfbc0bb86532fcc6296fef977e628cf15c2b710409f862c7ba206edc002673982b330d8a25e26f1779eaf1a1710d83a0899de0e709b0a070a90beeac8aa9de71b26b8c7384fdec207633e9c3cc11c870ee79c014c5423484525ac6ce32a22951801221943473051c5486e41b51ed40c1dc80c1004d94a1c3db34f2815b14e8a2e7e0638f68e14b6dd2a8a49a0182492358c6b36d925a05e403dc3817d9ca184a1cc1919b513409cc7a9112ae5b6233cc10dad265cabd9e5829e811388d45045c20d8364aee308a8e2be80143bc270aa30bf5bb0613d9aef59efe9bf889c75909735b466857046f846b840c87ddf93294ed15053096e08a79bfb29bcd521ae19ac39cc77c997fbfd4cfe677afd8e49bf7bcf87859176008e5eb7bba9ebbbd2f78683fc9167387a670d1e4b603b802336801e212ab605a9888bf7109fede3e6ae261e419c03cee6050023bad1be45da39fad594e929a4d417962fad9453e84d14601ccf374cd90a8055aa43689ddb71356f540d1d22743b3671900582454ac305fb78c705b9a812befe333c3a0792796a78787379ac1d1155c548df46b158bb38555d900b455c9520e1242f56325cdb57b50d2c1be512c5382e96010373c0c7a78ea4775f8269e0c72e68bfae2e3457d36bda515de53808069f3208a169f6d0a597db81e938398e1feaec7b26c3887b73ebe78e6d3ed367ee2056119615ef1df2fdef5df2e7ca31ce6b5e6cb08d908df1c1dc17ee3fb8b7ffee6df5eadb93727f8f6e3655dc0ed876e7ea75df5ed48f9625af5e35bb36b84490c5542a0d4e9b298ec0016c54f456b1922a404fa4e83ce178d9059a8902fa73093b4267940d4d408c31e433bd485eef750c8d0a483a7caeeb40160660d3cb88f11aa87a280cc2271ef6693a9df01f87d76f23851c8018d536193d73c11829f50ac6d2a7a3134212f8393738c7f250964736d3998c43a0a9a06e479a80f388cc5090114cd32b730e1bee0b0286551f10c6de07cb47fe847b4fbb779eac6ec6774e1ef727a86aaa6350a5b3334913462a63a19122c41e9162ec242517de0877562f4848f224f8bdc639be0ff05c1193f6d047bc5cf5fd9f966d79b2f73a357ccbe79ed951d7f6597f3abce7145f057fefd3deff46f9ee8db7e78590528b81d17b6bc81baaf9ba77261f2c77b86d5e43116556ad4f274ea9a276d87c8a17761ae43ece804aec0540241f7901831859b0c62dea4177f2da5739e847cdd1bea66e8e3f6c12e8d8e44d4db9850d02c4d9ee99becd47269138e4dd4d099a108b88014fd0414746c0222374c0287dfc548886ce7ca07b100552c400d16a632729b8a11c6b45ef8aa523c05b4628822809a293a8d983236eaeebc847a419ef5179ae4a1d1451ee450c56a05b7ebfa1fbf117cf2dff5fc5f25f4155ab6cf55c2dac0c43ba64770e8c4f9d0b95ef7aaec4d2c06a26ae202cd84d20db8871da6c6938177c40246f057409ef1f557847fe5bb510af3f72b66ff8af0bf45d8dfcfddcd67bdecf11d15c0a412cdbbb9a073dbdef4cee70bd7dd79cf25c6ac3eb9b12e3bbea5f13c7d7975e6d8b2cb6da656d5a8ee71d4d370eeb07698fe5e881d2f2ec174f2b4115493660d53b2d9ccf2a0a47855ebcb09a6732618ab4211479401c8436e66058cd316ce5c00f80243f186c9d04529a4a0151dc46ee81d1244ec7c0f6ec7ccfb313d853e7e0e522f60bd810ce5edab4afd5b0beb631a29689bc20598a410b942b02a142dac653432ad081ab772a141654f4b63fbeed6c4db79c2e07fbbac6373759d6c0479f062bf2a4c3ce98528b2e09cf3f50829dd41220e58439a0d3cb83eb379f360162759a9102343f2a407f8a5d9e157046ebe1b45b8b2eb8df0af847246f846f01de1ffa085cee77ef3f88e0af0cd57f0433e9f6f74252f52310bdfbebf5b29cf4ee5f08f17d2a45a1339f9b6d63592b1d557c813d7970070147c102d384a894ea6cec65f873cdd946f917f271397a5d4ab82e26469ce2c51ea54dc2236a7ba673d9280a3a7378e65716139dc640b3bcfd525d23014b09be48b7944bb1f619a90d2815298c15462ba98c36fdaaa019b45533d88725080619c94793eaf07c46f6cac4927530648ed49565b490a4569dedcf3b64935e3ffa8e5af81f65b412523a3aa4df30ce00a534be81af6a0bc6d6a0acc1c406fef343cff797009459ca692097ce1f3850223819e66beb86698b917ef7cf3b3d9f5c632985d6f7cfd1594ff43173cd7d239beab0218cd7cd79db7dd3e128edc96017c3d344fc50d0d0ea3bd3cd792a771dcc083967aaf1f87879bd2128f643f41c9546d754dde95458da220fe1c3eb2c87d1309540a2952f74402540b8531ac86a5ab53d3672a88c23c13c08d6fa5a58cbfd047c4aea62bce386c387bc6c5b26ea68ddb8c7645141db7632a036c37611cc231c3a3dbc9936a2c2ed340c9e40f0023b88e554719b88e360f91721bce9ed7fb69194fac32a28692b4c1a91b35765d555b7ffbac4e2d318001d6b074fd0d9a669064e104a322786f1ee2cb0759d422edcb63c2a187fd8c84237d4443abc914e7ab25ffa0afdb3a5f5c8b734946e066e79b5d6f76bc11fe8b777dc7d7ff30773cd7f32dc74b2ac0ffdbde993fb7755d77fc7005488004086221098204b868b31646f26ed98edcb48e274d3b99d46d67fa439bfed23fa1fd2933fd079ac92fe992ce64264d3b4e5d3733cdc489634b96235b9664ada4442d84246e20092ed80882204080fd1c989703438b29c78ac88cdecce37bc47befbee59c7beeb967f91e23fefff1c891da4455fd7773b54d763b1ab4bbb787bcfd2a7151f8b9b6d651ca58199dc6f909716d857919a0666feb535d5238b29f72a65572716c9ae08b5bd2ccd8e92258d44548959669f340fc746282e00d146345c0c0466fc39c6c0760324b2026934ce0dbd0d910fd0adbaa52208bb8adc5b8540b13a8fcc4bc84118a881bc67ac5172e8c39f01ff4c978ed88dc4689d32ee662a69141194425819188a82566616901083bd62871842f1eda051ee029193e01b64fc12ed12e009ba9c45d18fa80fb61dfe75ac2764b6e6505a142b9c17cddbd52b57813d8ff5cc36ab1b9de56e75b71d6e4a6b99db1cd1be29b5e6fc67a25fe4353e6b4ed2fb2dcc10086f8dad8c2e464cdbca3bd75694f87fcd977fe4e0e505c79ec76442e1f3b863f3f2cbe3d0764371abe3bd82c2bb65e19ba3622bff87050ba7189b613d17ab82b28752ff5c8b2f339994d6564303c276b488820f06dde25b704891bb453fc770d270b033496be317c3acc2c202af12f988a51b610f3391c4bf5988e4b706ef46aac01e8010a288da109c57495097e7d4b401abf8dcfe1644ada28e9d2ccb1792c7e1a71ac59b89a049aabb7c902281b09661805bb5f3a0f3864697050a233f5122378b42ad42d55e14174141c46c40c68968ec6112c1390aa899c056617b5b58de34b89f48f1baa31736597abced8f2d367628397f85caa031845cff47a25baae5b46e4f32c9f59ee6080f2a333a015d458ea93c4784b68e1acfcc58e5d12411bff67fc5ce751f00a4da05f01f638380992cfca4d69484cc9737bfbe5850303f2f3631fc98539b28506af305e7e22bb0356f9d68e90580fff818c2da2d1531869641ec0f85187f80870f4718fdd85fd0467f0b1818e292e4d497c99106e2c8575dacb190a340218f881d22ce1d3820faa64d2e19805e47353a479e3e2a5e7eaf48f7a8b48170d2bc15f8011486b0155718f1c43010846d28a3bd7ed01aeeefd31c2b59b6456731651729330765ca39198ed64d2805211c3a808623994490dd258ca2d56658bb928e1100bf174746e2c1dd5f9bd12fe6ec4dfb2843774be1f0354fff7e5cbb93d4f1ffe015eb497fef7d84519b9725b62d3f392642ee42460710e24ec5119148fd32abd2071afb977cb5552ae0ff4fbc591e891a3d76e941c30b55ff9b6c447c7e48d13d74886fc0d45e1a3d2e377c9cb7b7749f5932fc918000ad716c0c98bce48730c90858c5dbad73ac51f033a11e35181c08c4c72947a3e1044e7f444f128787313d1408df452b4020253cec8f5ef4fc89514881bcc44d21acb47e75367559621c2c6756b288e59562d29db86b3a80166be395c2d93cc5452ae7ab000a66895abfc03d2b21617bb8258733e85c37056c16c08f3425ed5d1d2386fb47e15f9ba9af15e45beae5b4edceb33552ef76380e25ffef11feeee6aeff86e064bd8028c7e2ac23cd8eea447e3092471c18ffb35e8ed93c9c4a2bc339a2452e62a20d071f9dee85979bac72d7dbdfbe4dcc8b4f451ede3ef9ff5c8f7df58e44bf1b16316396ded93f77e795aea99fbf7b4d865a7b7417a609cc68e97643891e75ef4c629868785b80470e3fa93768a29a5a403c3910b6b63239abc32412b81a616f48860fbcb12b00115d1403106148818637caa88164fb6b0e6e969ca79c9368054207f080b255145d3e76461169472bc800b048866173109ef7c561c3b9f97b6a3ff2a33cc3e1aa843b446e8592923992921d34f8511d0f00163d93363be8a7d33de6f0be22b33dc93015453fdd3af1eee9c7507f728c062bc484207da7ce8d03332401988463c66ee0c994173318c407c181796b5277a640a27ce5034291f5fc73c7bed22804b13929f0fcbd17d0171e3009ac7693385e1e8cf8fec937d87bbe4df7ef1bed8fc9df2ee6520e02040efe005868159d9df0a910eeea27a76a744d6bc2540c9b1eb61498d8f61458c4a2046ea36cc46bc8cec26acab30e0924e6c01deeb934cf3e272a986e4148c5501868c25a6a68e926189902f86833a7c10ad40cd2d5f999534e0d3590c56090c4c56c2c6da0e3c239d53972442dad70245ac1b1882ec987d35daa894955c5f07c2408901caa779db92f8f765003d98245e7fb1190c9dd600d6bf29327d002e4e85650ffaedd75b3dd23be0238f2f2813e92af9d14fdf9189ab83e2eb704b1ba55d8a41cdc8011a6579874c111ff04f5798fee5e3d2ebb942481959bae361e9ded501666e40de1f4f891f84f057bef5bc34010ef9abf323122116eea38b11a94b5c1637e2370414cbce3e924b0fbd2273f94619898c92b439070259428e32457d323225dfa034ebf9dd21f98444527c93d2384c22257805591c53cb2871c455888ff7cad293edcc30b261a67924b3c48189b13083514355c3d865c9873fc616c1aca1039c4062ef2d57c820c29e6043922ce7504c3e650033cd43206cbf9ecf3397967b4a003deab4355be7e9b5c1fe903415bb24329f95d4ad6bf2d35b61f975b345f6829717f236495f779b0c50cc7168da298bf48f0040bc4944703d5032963875ee1317e4e0ce035265091171436fae6d93b7cf47e5ed5f9e022d1bf1debf5ba61851abf8c82fe3de1d3e7a15b8588c468adde30b4ad101fc0b6822576709ebbe7505d37352ba11edcf0fecc20915a4740a0e1b1c4467d14f8a4c29ade8009a4aae49219a32ae59c4b66a4ac7e1bcc9729e13465826536319a08a79e2095328914bb876a94c0528c428255c28648994687ee625f9ceebafc9ecbfc7e4ffce0f3113e19d1a9ce08795143eedf54a7ce304da36629f67de58eec9003a1d7ce5c073e767b3e3914077bbffe9a70e4a364430472c20176f8649a42450e242b8d4cb2d724a76757ac419e8a5a7d5c838306bab8025d6a1dd17085f0e4f5e67fab522de960f6435e0c5c40a6084ab4ff280e5e7d7dc729621a350dd21a74f9e63608d4a34360fdaf66160da702c4d03c678ebb2f450eae5808b42147e9f4c275be5d8bb27257f312c6dbdbbb1d3578138da094e5f48812b48e4404b4b2e10488a9208addc7823d3048a2ca34cc6d167703f491b397819f535c0e06bc0c1aa4733bf305f921c8a2b9887d8ddfdfbe4af7c4579cb83b1aac5234b89196c097557f87a4a7c5db735f1950beec9001cab3a7af164a461e791bf39f1fec7ff9018b9fef4c1fda1266f67489eef75318e37489cf0ac38f3ea64222937124b928b0c922dbb243eece8fe509fd490239f2404abfe262ebbe5db12b25b25d7ce47074861c2322193f9b7a4d1fb2a59b54171326f73205526ebf642249f4c8667d0c4b3d2e572a01802e14255d16142c3c60767e4d08e0e79b2b75dde195a24dd6a59f605995eb607a4af8752d4c42a9e3fff89a4b1f393472516b0f92679062fda7c4af31641e856f8552d6e8188605ac83e7e234a13638f203804d54eeb106a1a9687e0d6b17367e5cad818335066076b55a9a958f232df46e7f61b66ddad64d9e3b91e68b98301f465d68d41baade1dff7d89e38b5f0b53d376e2f1ce9f40c7fcd525ff595404f775b771044edd66e99a5d64f9420d074127f7f96387f529a472e317e174989c2f4dbbed2265170edde03e7ce9dc8113e253200206380208f8f0672d2f3423fe8217999e6ebdb6be7254428783db57c73f62e720dddd41fc0eb38372535c0ccee0031b4f7a91724f86ab3583fbc2cc77efe33823766e4d96fb44a7a6e5ace7e7c5af2c1dd988667293e012239768234819d0ae1d681554f1336121886105d98b5d73009b3256a096c43ad525b4a43c3bd470c439dccbef796fc04e6c8ee7d4d9a8e030ad1e8b8303b3c34c617d6a9e08681e781bef8163bf90e06a8783e650235a954c9d87bd7413bbfc5faa658db7a0787c60ef93d75cf7adccefd60f80472f6e6063b695679f2f3ec761b5136564926e7a9bddb2c451fe9533578d8c0ddcb827b330168b39da0cc068c492be305095f9f9360ddbc78c1d56f6b0b30d5f2338d8301c83d2c2e9d22ae9f3a793d2e397586ea1f8463d9e9c52fbaebe4b96fee10fb6897fccbf18fa58e7bae90c53b343a03c2685cda700363462a8dfbab8cf97e42c6b1e233dee3c4c18ea061e50b1c4f317b5f06a4d14e8c7f1a065d466fc811eaed8621166e8cc8bb5fff5b39083378819c4d66733fa3588f8afe0de26fe7deafb4be2b03944b81f59755ff27fdb6b4d22566a22b919913b72232744b6adac4ea0856db9a76b4b83cfd704157b3cbe5f6b5b96a5bbd1453ac0166ad9d4bb29da245a26bb1c65583c59b20457e9680cbe55c523a164914e9ef25eece817510f36d128712e15f3e44b8cddf238dfe7e898ecd01f6b42837ae5e93a3544bbb86b97965993c400a4169605a9a32706e08bfac7802e4e92588f35b21640c032f21de1ad441083701aad58a434056b0a28d2f62d9ab71064acea434535cc5ea63c2cf990aeb4cb8f9a1d78850a650f3afbf87ce933e1d1d193ade08e04126935109605676b7ef725706a8781d23eed4c8a1e39ef6005dd7c7407cb4d9d844311b8b2d2c8c0dc25394f06cf63a9ccd019bd3d9656f75b5db6c3667bda7abaac6078a88c507fc5b277d88f117bd21cbbcfccc70546e6030eab01149ecaa93febdfb005ce03ca051b482e8ebfd64ea3cbd4f2616fae4876f34c8af86513edbfa646e11f9bc4c1431289ee1e36fcb4f8847c8da7c929d268c9c717f0577ad26166789e5d302504c0c610aad4f08f3f00613949a8f13905ac01195c50d5d8591087d92e92ec0cffb9e97fdaffd89749efe4f1925a1f1daedc91f5467322b5687630d06d890007c876dbddc93012aa4806102c3006af6d4a141576d43a50323275d473f7926b694ccc426925382d7a0da566f7378ea9dae4ebbdbd3d5d9dbdfe6f575da0b68d58b18601420da4259d40c76d671024b8627b2722c72ae24f6fb6d1898f010fe0fbefd017f13608d2df2d7aff494b8efd2f079e945d95c5a1c95eaae9d127af15569c6691439431dde31aa756aba964602e12c824d207e2da1e80530f7c9fda3a7d732755c4578a5480005211aeb26350730f8e0e427c6cc29bba848da7feac772f5f449198e4cff473e391176b67af00d158b1d1d1d6b535353b4bafd977b3280be5a191328c7eb3060a480ba3a0dd1d92dfdaebfa99b9e680d5c799fe6acd37e7129b7149f63bd968edcac9b1f3ed7dceaf1b5d9dcbeeefa464757b5cbebad76d8ad3e7abcadfd09ac6f60e3116012e54e29dcb60542cf2f452e881fe9d0da5cc3ac803c7e6f273578440667a83bf8c41f49742e2d076361790288175c35728247a8c6448d539908e373c4f753a798489f731a2b50f49642d0eb353b18bb4091521b393c878dcc12149758833f12c959b979212651a4d4d2d2d207f3e3d78eb50230057a2911ee5545a283b543fc5e2cf765808a37344ca0c60fb3e88750a9a0c4d76047358f2af19509b4e3954b09bd571d757a17a35393d33235c970419e685d5d4ba3c3e977b6b7857afa770542c1506b67c8574bd50302468911c4dc9bc3f5364700c70ce3fd65924fa958c5784fb228bdb9237553beb91309c0b011a4faf80a8526aa3155e6c073bdfee16d894fe5e56ce659f0fc43e0e99f27d8138f2181a2f59495ad27e0d44eb2a84e05adc41a1408f4545899162c87b145f2fe8ab99bc9ab67ffabd96a5da67cdc0ad3c35586b3224ca1effd7bc1049fcb0046cb85f379e7524fd7ad2efa01942994219401d41daa4457e22be1cb19c03082f9dd1ca34a6c3e999e9f1b673d3b3934d4d86c6ff078fded81eedebea0c3e3f37bddedce4c536bb58564d42c7eff58a659d294859dc16863c1341d9e440aec72c9112f889fe908e993b765f6372725c2dc9de222b26a47cc47a72f8e2ecedc4e35ae840a1ee7005cc79b30ffc7d9a3318319f4900296c155c2d31a091c2dc070a08e4dd7cd8ffe90d93f31b18d1920719781b5cf59ad5640cc898fdfe4c2772b7d383ddd7ccb4d5efa3b39ed7319c03cc5fa70a0ffea30607a80ee1b06d0b6ca5725b6fe5f4e7cb3af0c70b735934a2fc753d76fdd0c5fbfa5e7dabdae16afb7a3a3dbdb1908baba83edad420c29411ef36e17ba0081e05dbba50b09d0c7010fcae0d8ed29b911a6ae0ed02f6b4ed2b8d6b27884e3e3f1ccfc2466c6194ba17741bcc1018ba5b6b5805da09e71df82a9587dfe05620eb2f808724b9991d5c88d1f11441ab6daed1ae29542fbcfd0fb734d4d4d050a24dc9701ca89ceb55b7ad93403e85bac73b0da060c0318bd4099c0e804aa0ceaaa6d9ba9a3610cc31446021826304386fe6ff6f5dccc6c2c3ecf7a432e5fa9675c70b4b4b6b4595a5c5d96165fb7d55adfd6504c357a6344ed8e5a4a695a85188015dcb58828cf47ae26f23353c773994284b6b43d5989debc5a9d88de5a69f5fb1ada7b02c414791dc08c6499daade557169663b18b85d930de9ffc34223f01dc7c9c313fc5be3a7ff2f4fe0252c0bcbf36b9b1dc8ff05bb1f7eb837f7e66d0c6eb7d7667fd658d78d36df96a98a0725bc9084a14b3de8d19cc6f666b984adbb5565b6ccee6165fa8b9a5d1dfee20c2a3b6d642c99a352c93e9d9642a9a8b4d4f10c1a1ba895e679e95dd32532e6e621662d7d583b4aa3e7ec0e04bba8cfafc934ea73385e8d7debfe2f3f9724448173c1e4ff1f8f1e3a5a9a0216c05f1cbef559216e63cdadc52cb176680f2b7b8c7cbdf8f212a2583610ca5863244f956f78d5428ff5dcfd3eb0c9395ffaff7d67be86fba35cfc2eec6f0a5ca6bb902ab811daac46aa48f32828afe3422df8cfdab30c0eab973e74a84e7d8dd868112e15f7ffdf5aa37df7c73434a6c55e2f30ea50fa8dbdf6aa978c10d5fc27aa3fa51f4a3e9a2fb4a30b3d57dc30c66ab4435c4d4adae4af8f255cf31caa639c73091b66318c3b4a9f7d355177d9672dd4545bb2ab04a7cb32a33a8e4c82e2e2eaeeaca7e617272d210b592f8a5b695f0737373babf71bce2db70686b2d5f8a04b8df2b5548073dd510a37c6b98420956ce1486a8950ca1bf1b69608ee96fba6f18c010dfb4c9a1d2a20ca03a8b5a33d5a0a5845606d055f74b8467abe7e8aae7eb6a88cfee6796aa32c2970e303ce8b97a8dd19b4abf6fc53ffad11eea52d9036008bd9fe921a57ff8df3083f634c30cba356b3951f599cdff86f8e6fff263fa9b594dfb7a5fd3fb0d032813a814d0a9acee2bd1cdf07007e1f57dca987a83f848892a868b35f4836d437cdef3cb1902b4a1cd2ee50cb1ce0c7a693943947a0ebf19a2e9d63042f9d610b772abe798dfccf9a62d6d5b5725b09102ca08ba9adfcc3457b79beec186f8eb63ffa6afd37b3ccae5a14b80fbbd5c3933e879f7910e4a0c4344c31095db72629b7ddd9aebf416a6776a7b662defed9fe9f195cfa70d542eeb637ee967a3f86de6baca761ed5ff8f94012a5fbae2c395a44299b835a72b41753184addceab14ac29b6bf49821b29106e67fbd9f3e8291467aeee72eeb225fb623f1f5e51eba12f8b95ff0014fb80b4394dea3ac1943eccaad9e62885b22f6fa35a5df364bf88afb9b7b6cb4bdd976d6effdc8375b4a026ce66bdce303972b6686c8e5cd1942dd71ec1eed955fbb99fd0762a2cd34f8bb3a67db498007fd30153df64b51ce2adbd467fa9218e9415fefb73e7fdb4980077de3ed4a98077dcf2f7abe2a4b8f9707fc02954c55f9ff0336f7484fffbd1f021ee9d7dd06377f2c01b601911ee6233e668087f975b741db8f19601b10e9613ee2630678985f771bb4fd9801b601911ee6233e668087f975b741dbff0fe2edbc2afb41372c0000000049454e44ae426082, 'truck3', 12, 90, 1);
INSERT INTO `product` (`categoryID`, `id`, `image`, `name`, `number`, `price`, `Found`) VALUES
(32, 51, 0x89504e470d0a1a0a0000000d49484452000000800000006c0806000000a2b8ba3200001d5049444154789ced7d7d949c5599e7eff7dcb7aa3b494302210d48a093aaea4e529d84602b822c96421cc6f578665dedc5118fc38ce3ec3a677666397b76164145043f66067570c675c45d479441d7d659715114d4a59c45d940239074259dae2a124888260102f9ecaef73ecffef1be6f77a7d3dde98fea7c60fdcea973baabdef7becfbdf7b9cf7dbeeef3020d34d040030d34d040030d34d040030d34d040030d34d040030d34d040030dbc6ac113f82ca9c7f30a05b05884d5819edf0628706a8cd58964b40646401c67ec4fc4c41080ad5dbebc03a9d45233abcdf0b9a6aa011c5ad56c7f00b77f86edfc56c0cc1800a527cbe53d88e760bcebe67a001d00dfd99e7d3f80af8d2264c6cf1521cc00b35342b29daa309254b56d502b94aad567116dc13af6c2e0445043e2034261e8d5937066f0336c87aa068c8836353b35f6b85305241c00aaaa0f826099a97f07802f7677833d3dc75e7f4218c0143407803000163871336947cd46af7c1352288d5d6034bc2a1049009819428f1d008071261f38410c8058e433da120643efef0179c0cc1cc1e3ae608311c010817f2d22abcccc93746afa7d536c35a0692aedbcea4118ccde4ff22c004e558fc0ac04003d13e800278a011210b0fd1aa46fdcb265cb0b984439198d42a110148bc5b03397794e847febbd86a438553c5e2a576feb065c0f66b6adbc4a400096cf2f3d1bb5f47b098024bc5affe66ab51a5f734a300060704dfe4033007475216869393e03ecd9531400a0c323deab0798020052de06e0931bdada52b954eac4f7e514c1c283075defae5d872c4cbfc15196a86ae84402c03603f0932d90933168561b721e007a7b11626a8e0a0240537ff5a923b96c85c20e558501ebd6b4b72fdb383050c5045aee6f030a8542805dbbe03cf392129859482010e291e3dd7bbaac1a8bb9b896a7fdd4897484a1d644649ec26eeccce57e6566f348ce88010cb6d80c879dc80133937a133fd7d8b373273b73b941a3fdbe464a604acda0b4278109f53f00a70f030c8364d1d43e44d2999989c807e180d9b93438eaafd3d7aa88fd234ad299eaae21487ffcd3840be3b46180448b15e5234a1d04d884c83ba8001466535afd060849c1a8adc700e314ef3f5511f72b5a0a248cdc5e1e98dc0b084cce00f508de3800deeae3713400d8582eefe86ccf3d21c2cbe3c9772449912931b39999aa5a3258008c808973a7cd62180fb1e807e2d5ae66df02806e4026b39026ea345147858af5894859620e9ae98f087739ccbc38e7d4ebf7bcd9dd06bf50c8f13b4b0642beac5e5751780b8026000a1024e8bdfe0da08f453e85d3c7bb686622e42123ffb3502e3733aa291ce44960f2fd1f189f01629b32739185e87486192b4566264e78d09b9d5d0fdf7db1588cb81bf2a09add6a8869a3b9cde5ea7d9858dc1180e572b9254d940f936c32330f002274a1f7ff6973b97a274e434b2231f13a57b4af12f2f2300cbd90a2b07b5765327fbcb95a7d0093f46bac687600fcaaf6e557d2e401275c8059066f80c8858b384061aa7be96df5a6679ef90d66161cb2152b569c1158f824c18c45c1808354aceaab549eebeaea4ab5b4b40c33c1ce9d3b5db95c1eeccc5d98259b7e28c28ed07b1fed1a22a6fe2f360d54bf5028148e590cadadadd6d3d3535707537777b7dbbd7bf7acb7c43d7bf6c8922525ddb933e7cae5f2e0da4c66b506f21860cdaae603e79c9a566a0c2ee9efef4f22a7c72c8ea33adddd0df4f4000eee5a17c882300c87400630abc57efc19c10cc248494d47512a3f7a00a6b3ea5c0160b1bf7f7f677be6972292f1aa434e6481272e03f05c26d3ab3d3dc37b9e0330b86245db3268703f851da16a18cd3dc5abfe7969a0fa77052028168be1a8e74421ec4ca675557bf6069aad0219c266b81008a3590048a9afafef53a552e900a6e8059db04520a6b71c0290a7abd54df95cee2627fc1c0909bd0f45241b586d2d8047108df331cc7c140324d122334bc52b4b088838972667cdb45e48d46ae1e6d2f6edbf1ef5bd620a890b8806cb0fd34cfed880ebc028f041f83701e84936bd443476745cb43cd0e0011159e15543027422e2d57f7478f28707731802c07bc1ed4d41f0c130e2d81905b04611ef0391dfabd586ce04f067c753ce268100d0d5b9cc1f2a712b0ccf6b803fdeb2a5baa9542e7f3edf9e6d0b44fec27baf24e18d17c4e331ae3e3091129870a6453e65ffdf60781691e23473ae151972e03d3141d1ded59e7d3f607f69c610133381914819706771a072170068688f9ad323049ba39830d703603ca8410f10ae58d1b62cd0e04722d2e1bdd640888838f5fe537de5eaed93b848e3901a5687dec3cc7ccca53362028bdad39a9a03ecda7c5bdbed3dd12298ae1420005db9f2a2f3e1798723cf96402ed4506f03f0ce98f267e198445e4143eb640d4e66058cfa47efea2b6f7b0af55392d803f84c26b390e0672872be4576f8440aa70120813b57ac687bb0bf7ffbb6cdd5ea40be3df32b1177b9aa9a1099d51dcbd76cdafaccd300c255ab96b5b9d0fd98c20eef7d2cf6c585de7f7a73b97a733cf9c7cb991b8ac3aa01011a70e838d71fdbd1c8cc6c029032531f38774e984afd3e80cf170a053766eb991489d470a1eba293b355f508d49a3d749427cb2e353324db95409e99accd29d9be898d9ccbe5520b172e9c1503f4f6f67a244e1d11339a0aa32c9fc940126ae68330185eb1047e09e072330b2992562fcb003c9dc9645a5dc8fb29924c3e9d88ab45937fd314273f1ac4883081d98b8eeedf00d869649a3c7ef8595505e9f4010e0eae87e0ab49269310efebeaeafafb62b198a4c74d53aabaa1688e913255c07045672efb0f005a297ca7aa1a8569557bc9bc6e0466190e56ef43002897cb35d4cf4c9272b9fc4a3e97bbc19b7e14b079d122b371b70155868ef6571b2bd5e7bababa52bdbdbd358007475f4360b000047b1d7f4091d53e52f8188bfd4f6e2e573f82a94efe181859f3a9a18152695aa23b313fef6d32bbc109d778552f22af3dbc7fdfd5007e341d5d20a61b41adb6c1a783ed8e6cf3aa35113947c87f6f00545561163a17a4bdf7dfec8bd2c11c2678c6c90c7c280096cae59ee63317750d9a7485127485927aedd8cfa049d7bc858bd66e1ca87e0d0033bdbdd11e3d1cb88934547568ddd391fda173f23aef6385cf89f35e6fdf144f3e669e2acd5a2d9de80032c50ff3f97cba5c2e0fc2ec9e48598d9461315e0f4cbc3227800190a7b66fdfa7a6ffc50073222933b3d0fb9a8f176a900ad26118fe3f3714de1cdf77cac6020c80ebeded0d01bc3285eb8fd141a2e40788462be10e02addeab074127e2bcd7db4ae5cac7a62cf62781732e79b68da56322944aa530225ceef5aa37823ccb47a1ec7774e672d9be72b9325ebf2681029052f9999ece6c768fd13e63e4eb45243033c27020ac85dfb4f4d08d4f9577ecc371a4d5a910fa4c4413a7f01977902cb25652345b62666a009c880bbddede3750f958a15008663bf9b38076036e63b9bc0386fb9c08001b0c44e69be03a00e89ebea34d01485fa5f270fe92ea15a6580bd377d1f83b7ea8d6d157aefe49a9b4e3254c61ab3ad91220415d26c6e295198804a1d7db4be5ca47bbbbe17a7a8ac38ae7c9c0b0fd6db85bcdae3730d04823bcaeadadedaf7bb66f3f82e92b830ac0f5f440814a1f80be51bf394c514a9d0a12a09e301109bcea6da572e5a3ddc30374d2833b1e00fa2a95874d6d83133a55ad39918e9694bc1d884cbc19b66b00a43b9a7487118fdf94b694293d5447b2644ecd6c89e86c80898853d54ff40d543e863aecf9f5443c4130c1d719a59d448e1acaf5c0b495c1b1d0d89298f2c427981203c848aa15e3a049c269a704085311a1aaff7cdf40e59642b4b59d32930f8c98702ab57ff6eaf75024adaa30e2adabb2d94ec4fbfa89a66b32cfdb30d482aeaef3bbe603f0b1e72ae134e9ee1e163d27453a58f4a19941819f8cf9e9548201705bb63cbb0b906f0b09c0061da5c9117f00cc48199c352650024de2d1a399c109ffc791052ffd75be3dd34bf051f3560c83c34f6fddba6bef98e3469274e264885f89b7aad6b97faedd0248699a13960c9518ee51d50f014cab198ce8ce2f5dfa999e1d3b5e2c00010a406b1196c4e63087390a473140a15060b15804e90e8a08bcf706c0c7aec5c501e5770c78abd13e96b2797b3a73d9a7407d44c97f190cb1b15aadee1e13719242a120c56231e9c49c4e8cce302b7806e0ad339b1402e0c672f9d1ce8eeccf84b2de7b5f73ce2db3e6e6df03f08fad80f5148ff1da11138473678ba31820c9b8a1d4fea116baab45640d4923403543944881d00c42728938594fc87a9a619ed33d9dedd98d66f67381fc22009e7cb25cde93b439a623b342df886bf36429a59a6f6f5f47f3ef3bde85511e04d366d88aa6a6afc48e2103f07500eb114b59a37d3cdf9e79dd66c36ff2c4762a7fcdc05ed05af3ee52b57327d0e33107194b63b70005c08dfddbfabbbacebf6ce8e0fc951aea9500de08f2520a97398a3302a616f99d61353388882c21791581abd40c35d5173a73d9a70c7c88668f1e36fb55b55a7d1975e0e24e002500246bb36d6b3a9867519c62cd45179d65d4ef880bb2c78962020008a890521b1c6c02f0390008197c2fd0709b882c8bcf3a5e28943f25a2240c13c0ab7ab8c1039db927b6ab643fb9796be5dba833138ca7031800e9eddd7518c013f1e7ceaeaef3e70fed9bbf4ac55fa1c6cb095c0e62a913d70444695f63186231c9ab485ea5aad66cb6379fcb6e10e2599b459e2100940076c20601bbc2cc10a779cf3954e3b0ebbc79ad347fa18f730570bc093178a65c9308d701402e976beaefefdfbfba23776fe0e4a65ae8616654d590840768301390018185e2648d00ff33df9e5d581aa87c05756482893c8149968e140a05692d16ada777d72100bdf1e70b6d6d6dcd6734bbd5a1ea65805d09c3a524973ae79a92b0a78f72ef6a6616c45bc6dbeb29b3471d1727105903756cfe181c914837ded8dfdfbfaa3ddbe3c8eb480698fcb9062008bdee03ed2e00b8e49272582e031aa43f5bab1d79ad016f80212d22f3290c9240b3214a63f7de7b110984fcc4da4ce6bea7abd5dd985d4ad930a6336044e40790785f3f8a0313863093d7c3f066337d1dc98b4424482a39a8ea54cf024e91220aa3d5602222eaed9abe72f9c13a9c168e32a37399a21379535c8562b7bad4ba2d5bb6ec02c002e05e589159a7359c398523691c12d93a3030b013c74e1c57ae5c7976a0ba8466ad6ab644a917d0b814b073015e23c27355b5e69c4b85e6d76fde5afd69bd4e444f271660006c94527714436c8ffcd98fc79f2f5db674e9bc97d2e94e47bb12aa0592eb28d236074b54498aaa3e74c691c17f01469c2e730816018ffeeae3d3bd0f63261f00e2a3f22f00d892fc904c703e97bd4d841f318bd27e9c4a5db7bbd9048346334412ad9342a1c0d662d17a76ec388c1186f8fcc56d6d8b6c9e5baa5affc397aa464bcdaf3c3a50398c3a89c6e320697f3a3982e399c1c9ffc311cf42016c2dc2862d1da225f67631ce9a1a9a39d9c762260c909872e3ad322d168bc3d7140a053970e0005b5a5aac582cee03b06fa6844e014912c6accf31e0f8e71592d074bdecf2d8a10944c337fc1d403b3b0e1a3835356fd80fcc3a76308c993040929e7dbc6b30c60730d7988b678d1a64a3d9f8e96a730ae5e258ce38030e22a507ead9fc74188000ac8042b027b7f366d2de04d8d05c6bde270b8c7c5f6b34323361061d931134d7486c81334684018ea44277a89e0f99320324c98b7bdb9f7b77ca051fd72938404e779829cc603023cd1660686841fcd389d03312b49a4559d1063b98f6ba3f21af1e8d4f990176170a44b1083376aa19bc6a0d40c03ad5003e9561008c98e744e79fa04726d9c44d84350fd36138d472e18507315cf769f698b60e402239d8171070301bb2898e649fe6880f744452cea06178c2824d008020085a10d69aa3030a046987e270fc9c7b02274334ff664a1107e3070e0cd5be23220b53a9d4ab8611822050ab0dfe52c80e8bdc8d27520924007361b808b00566048550e3be7a3f68d649a1e6f0f2f6f2f623dd40edd556ab2f9fcb78ccee50ac8c97e4d133c518bf0b749ef74863e468dc4bb321665c0267db40922fb87bfc346e17a7904d368aeceaea4a61449718fe747777bbeee33b5b64d433eaf9990d929439ed01fcd80f46d2bf26ea1b01c01bcf04468a59d0b077f4eff5403dd2c209007b469c3000868f235bb158f4af5fb972f17e3f7499032e31f00c0080e23726fef14343b6a1b7b7f7084618205919d2d3d3a300ac339bbdd0c82b015b05224d400dd8a98a5f6ca9549e2c168be12d80dc5a5f65f498153a2a3976c214b8b8df1e0056ae5cd921617805692b0000a49a62c0bbf017fdfddbfae3ebddd863db79c09500af6a8b027150ef358e76bd34ea1975c1ac19c045f5ffd109f8d2a8431e3d805ddcd6b6284ccb8d07fdd01fa544961023552628801a6d41cab6e6dbb39f9b77e6a27f8ccefb0d3382efcce5b280ff08887705c23330fa7e000af5f95c6683109fbc75a0fa03ccad79664e24e9df4421e0a8dfeded97d6e06fa3afbdc939694eea4a10001c407547f2b9ec4f29eed69ead5b1f1b4bf792028822e0c83409200936d1eabe05ccd41308c4fd5143576747c7be92f72dab4935802612c2c27343f0e3ceb90e5535efb5161df08db69df8ef40443a84fcf2e1975f7acfba5ceedaf80507e86ccfbc07b0bb9c4b9de1d5ab573f0860b8da483c2869e7dce530bb7f552efb3588bb47541debc004145135bf60e40b0a8937ae696f5facaac714a53480914564eb43e87f75e202558de836d0a23ddc221e66da3979bb995f9fcf65ee10c84336aa38d5de1d269d59ec37c55b22b5d308020a79011831c9eb816933809925153a182763dc4ae8ad70235c4e28282e2a571e8621013827298249bd2088101a6515850a5810046fa985fec1cb962e7de3bea6a66e11b9db4c2d0cc35a7cbabb29092b938c8e8bab9af7be46c005ce5d6fa6d7d7cb3565f1024ff20d1895a3bbcb60a03b56fa27bd17ca085d64e0c435c571fd986ec07bd5f8f7b473ee6633bb9947b535f25f74d837d615c4eaea0606662201c80591c0328b3564aff15b1c0030c9ced168e44c448400bdeac366f20d886e373571ea3a01fba3c0b9355e5543ef43e764ddfe794d3f77449b9941d5bc44a75f6baafe5b30fb6715ee83212d6a9781f201e7dc05aaea5535c99943445d1d0a3f8ea98b6323fd1c7bd9b0332c79ae1349a9d9cbdefb7b00fbb1090f026c41cdaea193f70a65919afab8bedfb874c7b50c49d2a91a9cea8b00d01a25d9d605d36700c381d828210008e91887a8cd008de98f556931b39ac23e581aa8de8da3a36c0f1550f8fbbdd91db7d1f146c429654276a91914e6e313afdbe0ed7d7dd5ea2363ee7f209f5f7aa7d6d25f1671ef8e8b461288474cea1b379f0c635e64411111557d5c50bb7663f9d9ea18babfbf62c5b22f04eaee73222b26a33b2e889df820e0a3f724d54d010466e8090400981985f06aff0bd0cd2405668b0df8c3384d2a725ea826931f14e27c7700d85d008bc5a2a1820faf6ecf3639911bbcaaea488e9733b3c3a278d7c66af589f8b40f5a01db5d8806ac58dcf16237f09e5247f64722b2de4795b102332d79e377d56c3e3177de3b8309c1c3040a145ea951f107a7aa03cedbdb9fae3ebb7b2cddc503607fefb6fe55cb965d83141e26b92c927474aafa734f3e2c662d061c26d9cdc81105c006110c6f012751021c65fe1046fdef9b07aa3f04805599ccdb8294fb609ceb9e32f5df2f0d54ef2e4495b8fc51effb8b749868bb480dde6eb5a67791bcc8ccd40c1a3811efed6f3756ca4f7401a922501b732f1017835aabfc4b4f7d8c8c76670306cf794de513c52292c2537365190800ed6ccfdc97ec7c045c08fb585fb5ba7b22babb8054efb66ddb3bdb331f26e59b847aa138153ebf796be596a4024a3e97bd52246200030fb91a5eae7707669b11046776d6d2cb96ce6bdebb4305785b2cfa2dbee09b00804201187fdfd2b8fceb8bf9f6ec0f9cf04361a89e642aaa7317d5bbed9dd8c31802e0d3e5f2af3a73d95f88e395aaa600d7bdf89becc55d5d8736efdf8ff941e0ea2e0554954d4d29af07532d0a5b6b512a74ca9bee38d3e48731dde316804abeaf31f8494afdaf499ea766a0e1f28bdb975e50abedd8d7d9de9e33e88a447984d99166b3a488c6499500c9a931895de4779ef942fad360066658ec550132adaade605560f2c490d6d68831c4ece944e18e429f387828c4f6a39f792c46d5d8a910bcd24c9564a01ef71f7e655e2d00386a0dd60d02a0760846680ae01233531111189edd502ebf82e34b1e6eddba756fbe3dd32fe2ce8b95d88b6a96dec0c34d21a00b0458acaade39e760d8dc5badbc3c8576a785999881a9589b894ee6908b05580c00c6e1d426027053a9e0bd7b778140112a7491ad33bd8cae4421321c956b6804cee52c1df953c288d341a382fd6c99e29db1aec3a3dcc142be26fed1d42c8ceb0ac11bbe041cbffaf77431654d39313d28ba458410c7408422b14d1e7f8848630d9d084c6d0d00140a85e33f47edd264b6cc0c0416ce27f3f157934da407e008ac1d7d48841170823ec99607d2ce5fbd7cf9b9980227e7dbdace334367acf74ae4f48bda1492ce3971ce0535efffae542e7f07182e8459374c590224a9d6cd672cfed6e157f6ada6e16a1035447e4e920c0db608407ed849045c0fe02bf116305e0cdb158bc5706d47c7f250fd3bd414249d19c2c049e04dff00c02fbb00d73b2a713241a22cadeac8bc999075b10521005f56430973fffa171a1912c8916c55d5d039b7c4a7f4dd00be980752a548093c8aee7c3e9f2a954a43d2ecfe1d2167c5073f9c99fd5ad52a8ce68546bc04f35fdf5caede8b39526667232239e66f8d7cffc153242f8a072350d59bfb062a9f02e0929467207267c6c90deccc65bf2b4ede19ef8349bbb17381efe82b97efef06dc6e80ad80a13bda3a8ac56298cf2f3d5bc2a69f11bc5855875c10a4bdf7b7f60d543e9e581fb3e8e3a42800ae08846b72b9f7c2f19f86cd50b517417f55dfc0b6a7922ae4adc5626cbe16502c16c335d96c973a3c44e02c5578e7c499e9b59bb656be3d8aeed16ef739b16466c200c4f8479593f704dfec9cbb3d76e10624615effea8cc1a14f3c1a9d151896f4f9b6b6f324157c914efe6da43446859ccdd4d4a237839ad9411aff7c53b9fcd53134d8ea8ee56bd5e4ab4ea46bc407607b43092eeeefef7f1e735fff9f00acadadadb9259dfabf22ecf2de874e2450b35ddefcf55bcadb1ec4c8041280e5b3d9df15c157419e3fb250fc13e7bca6fa8631a66b72bc7ecae56467d2817add4b00ba74e9d2798be637ff44c8378691bf5b12e70860f79b7233c9c0a8af25f84e1159eca3956f4e24f0eabf2b9435243be2eade4e84546fbd063c40c356035a41fb5714f95d219b7d54cddb9c481086fa67a54ae58b88c4e88948507100c2551d99ab1de4219841cdbc900ea4a9daff81d84350ec06e45cc0ae76c2ab0da0aa85241c09afb06b4a5bab3fc348314be004249ed65b4b8e1c23b95c16b49f389165a1f73500109194704c3857cdccb40652022741cdfb074b03d56b5664dbde9c92e07f936c51d52103c48904e4d12f2d48caa2820c9c13f1ea3fddb7b57a13e67ee58f8503e057b767ff2345be10bf972804284ee8c6a13b8cdf78968aabb1ff87d240f5cb493b2790ee39c9e61500dadede7e41cafc3782c0bd251a108b5e68c8b8147b5464221091a8be8fd72f0d516e48ea11e7db975f4af09f9c0b729183d82c9aecd8c96470227442a1aa0e29705369a0f2599cf8c94fe000f87c6ef9bb097ec905ee1c55338dce947b101687859d888890f4eaf750f9279b2a95efe1244c3e303779fd0a4006060676765ed2f5d630f4d7a9d70d66168a48cab9a049c43589480a6687bdd71fd4bc5d55aa54ffb45c2e8740f492c8d2c0331b0e7bbc2e0cc30f9b591900c5b9b47341938bee0fd4b02f54ff8dd05b5769a0f2d9ee91028927031e802b959ff94ee8521787a1bf43d59e171197d02dcea545e8d474a77a7f475a52eb36552adfeb3e49930fcc8d044890309702e0ea8e8e15a6b54e13390f66214d9e87d9937d95ca73a3ae1f6dea0dff9fcbe59ad2acad82b93c812584ed0fe19e93f491de5269c78b9858313d19182e489dcfe75bac76f812535b1e882c0a95fb28b26de1e1c38f8d52884f15bae7042c14306952e82db70c979a1bfffee3fb2a4ea99a8531640ac9aca704dd73ef2a1d790ebb0156bbbaa4a5a5c55a8b459b6a7a7472ff688fe289aa3c364b9cae7437d040030d34d040030d34d040030d34d040030d34d040030d34d040030d34d040030d34d040030d34d040030d34d040030d34d040030d34d04003a701fe3ffd0468f7171e34490000000049454e44ae426082, 'truck4', 30, 40, 1),
(35, 52, 0x89504e470d0a1a0a0000000d494844520000009a0000009a080600000051ff51170000000473424954080808087c086488000000017352474200aece1ce90000000467414d410000b18f0bfc6105000000097048597300000ec400000ec401952b0e1b000010ca49444154785eed9d6ba8554514c747f3918fd4f299ef0769059692905f2acdd0c4282433d2329232a424e8438a2268654181d0434813ab0f95a21684686516a129a2642fb0acec81969568f9d6acdbfd4dcd657b3ae7ecbdef9d3d337b9fb560b3b7de3933b3feebbfe7b966ed6675f5a24404818c11689e71fe92bd20a01110a209119c2020447302b3142244130e38414088e60466294488261c70828010cd09cc5288104d38e0048166455eb0fdebafbfd4a953a7d4993367d4e9d3a7f59debecd9b3eacf3fffd417cf5ca435d7df7fffad58c7e6df3c23665ddbdc9b356ba6b810f37cde79e7e967ee5ccd9b37572d5ab4d0cf2d5bb6d4cfdccdd5ba756bd5aa552bc59d8b744595dc100dc24016ee3ffffcb3fae5975ff4f5db6fbfa943870ea95f7ffd551d3e7c581d3d7af41c324549649e218f21917986403c1b9261f0e873946c860c8668866c104b2f4ed6dff91b77f36c8817bd1b12728f5e90af43870eaa73e7ceaa4b972eeaa28b2e525dbb7655175f7cb1ead6ad9bead1a3873afffcf33549b9e7418225dafbefbfaf76ecd8a1befbee3bb56fdf3e75e0c0014dacdf7fffbda1d530868cde4b5b1a4382e8bd1c51cafdbd9c010db992ecdc95a6a9f4efd2d6927f47896f5e00f372f037c86748d7bb776fd5bf7f7f75f5d557ab51a34605c9bba08846eb3477ee5cf5c61b6f68b04c17146d05a2440a125107952a2561b4dba7f8891327aa279f7c52b782a1483044dbbd7bb7bae9a69b74d7d7ae5dbb73c63fa18015723da2ade2f1e3c755c78e1dd5ba75ebd490214382a8761044636c3572e44875ecd8313d288e8e7d824029679580748c6719e76ddbb64d75ead4c9bb06412c6fdc71c71dea8f3ffe109259a2032f2a2f2c93a4a953a75acab569d978271a83fe9d3b77aab66ddb4a4bd6345b9ef36bc806a6dbb76f571f7ef8a1c59c1b979577a23df5d453d29235ce76b1bf6236ce12c8d34f3f1d9b36eb045e89f6c5175fa8cd9b376ba289648300eb6c9b366d524cb67c8a57a22d5fbe5cb56fdf5ebacc0c194017caa4e0c5175fccb094f8acbd118d29f8d6ad5ba5358bb7519353d06380f58913279a9c576333f046b44f3ffd547dfffdf77aeb45245b04c078efdebd0acc7d8937a2311362bd47d6ccb2373d18b38db565cb96ec0bab508237a2bdfdf6dbb9d910f6661d8b053329d8b06183c51cd365e56d67004f0494371e0fe9aa2da9d322c07e282e523ffdf453da9f5a49efa545f33dd5b6825cce32a1fb64a8f2f5d75f7ba9b997160def8c993367366c9ee380c8663abe6622761030db50175c708176b48464ccf4972d5ba66eb9e5163b85a4c9050f5bd7f2c4134fd4d53bf4d50d1830a0aede97aaeeca2bafac7be79d775c57a3f0e5ad5fbfbeee8a2baea8ebd3a78fc6bade6da8ae7e27c68bde5eba4e3c648ddb326b3bab57af5663c78e4df37e48da04088c1f3f5ead5ab54a1d397244a7663cbc7ffffe04bfb49fc40bd15016a23138c53de8924b2eb1af99e4a811b8f4d24b35c6600de6353519c09396b78bb1d9b061c384121923503f34d15883f9c18307332ead7cf6ce5b3406a5383aa2348b8883060df2a2782d153a70e0c086c571b04f72dec1363ece8906b9986122cc86faf6ed6b5b27c9af04817efdfae9ad3e66a23898b2a6e65aac120d6f8cfad98daa9fe52894e382489cd2b9e79e7b1a74639a8dd228cfdf44b245008c0dd178c9cd22f9b469d334fed8c8d80bdb61c3152b5658ad9435a2e11d307bf66c7d18d71ca435671b519299e5a2458b1a260168413ace2d8a648b00a7a10cb9cc586de1c285eacd37dfd40434674fcde1676cf8c8238f68ef5c5b628d686bd7aed515c6a3337a4cce3c5f78e185eadd77dfd54db739fd4d7afe5f245b04c0d82c27993132ce901c5a29672b6c08e9d6ac5963ad62d68846935ccde5878af3a6b0fa6f3c36205a91c30058b35213338238a6458368262c4435cf196c49a3604bac112d89bb8fe94aa93c0acb86ba2d33c6e703d6e5e28654fb65129bc697fc6f0a6b444b3a658ea6b3a948528525ddbf2f79127b254993144f6b44c3e5c78cbdca154ea5e92669924b634d24adaca4b383801997552312b6e4b89e2db146b4ebafbf5ed7a952e599edb0424d70926a84b4a598e4531e01d6d098e90f1d3a548f992b350afcff0d37dc600d466b44238a4daf5ebd2a2e0672449f759b6a64b4a69564541101d310dc79e79d3a6c4239818cacaf5d77dd75d690b446b4575f7d55fdf0c30f1567914ca5274f9eac377909b724e20701b0bfecb2cb144423104c39a16be5e01036b525d688f6d9679fe92da54a037c33eb61794396346c992f7d3e607ff2e4c9aab37e6c882d6d9e9ab24634548e9b45caba597a6264f10b136fae5adee6e494adf2ad12cd56a5249fe22120442b9e4d83d4488816a4598a5729215af16c1aa44642b420cd52bc4a09d18a67d3203512a2056996e2554a88563c9b06a991102d48b314af5242b4e2d934488d8468419aa5789512a215cfa6416a24440bd22cc5ab9435a289d76cf1c861d3a6d688c669e74a1e9b9800cf4e8e6f11e0c5489c5b51f14ce74fa328d6d8005b543b3380df2027d66d8935a24d993245fba2a30031cfa217211050ee99679e513ffef8a37e36a12e6d2922f95447c04440077b6cb078f1626d076c536a2f6c88272e36b52556438be265bb74e9d2730e09535148c5e115be62873f3ae12ebb77efae0f476cdcb851bb778b6487009f42baf1c61bb5d72c5f71e6b037ce8fb86a7ff0c107e7140c21dbb469a366cc98a1eaa3455aab9455a225a9154d3227a188cacd89698eebaf5cb9525d7ef9e5497e2e69522200c978c1f9443827d689b6c9e7155d7f8bdd2bd1c08c711d6f1ae48b9ea64e89a7242f41c0b862432a7a0e4886d42cd1509ed98d8f985db5c0ced2f301354db45a3078283afa229ab5596728404a3dc244408816a65d0a572b215ae14c1aa64242b430ed52b85a09d10a67d2301512a2856997c2d54a8856389386a990102d4cbb14ae5642b4c299344c85846861daa570b512a215cea4612a24440bd32e85ab9510ad70260d5321215a9876295cad8468853369980a09d1c2b44be16a25442b9c49c354488816a65d0a572b215ae14c1aa64242b430ed52b85a79219acdef4016ce22192be40b7be744e3bc61ebd6ade5785dc6842a973d471ac1de47cc13e74443d179f3e6e983acc47c107183005883f9fcf9f335d95c8bf393ea46c14f3ef9443df7dc736ac3860d3ad68348760840b2091326a859b366e98ff3fa106f4433cab66bd74ef5e8d1c387ee3553e681030774d4209fe2bceb8c2a4bdc0d5f83539fa0bb2e1b8cf9d4b84ff1dea2f18178220b4505607803f980692521304c870e1d7460985a10e2931c3972a42a611882d043940ef643180f7b211a04626cb665cb16f5da6baf69708c40325abae9d3a7abbbefbe5bcf4e4b5bbd162d5ae8afe33ef8e0833afc52d1c906c908f1c59896986544078a0ac42298cb4b2fbda45e7ef9e5ffcd2c7969a74e9daaaeb9e61a356edc382f6362e7445bb66c997aecb1c774303848122519e0412c40fbf6db6f631baa7befbd57ad5fbfde0b70b195b39880c1fccd37dfac831cc6c9a041831a308ca6353d04df515fb060817e915d8ad37e8737eee1871fd62d10f1d04a499656f1ae5dbb9eb31ec79bcf58a40857345031cf84fa6c8a8075e7ce9d75b7caecf395575e694a76a97febb4457be08107d49a356b54fbf6ed2b5694160d22eeddbb375699458b16e9b8b8842ac518b4848cdb6c46938ead440609d09ff198c182d69f1774ce9c39b1a50d1c38b0018b4a898f1d3ba6264d9aa4962c59129b9fad044e89c69bb47af5eaaa2d591aa23dfbecb3ead1471f55740718e6f1c71f57f7df7fbf2d6cbce6f3c20b2fe8c5555e1c82172f5cb850f1a2c64912a2d18dde76db6d7acce74a9c769db695a2658c46f76692501461568d9868dacccef32cb96ed108b2fcd0430fe91692ee92b7df0c86b3344ad66b7f0c01183ad04ad38d3219a0f5a1158a93505bb45c136dddba75eabefbeed3b34e5a36ba5da6fe591321ced84dfd3bbad03a4338742192f98a152b7408f738099568b9ee3a9904442379631406ba0c9ef37ca1837959b8a3635367e87104cdfaefb96ed176eedca9264e9ca8df7eba4e76189e7ffe79bd3e97d79927a462419b89132bfafc9b56faadb7de52c3870f8fe543a82d5aae89f6e5975fea956e8cc1caf9b5d75eab5e7ffdf55863e421c1edb7dfae774ef83e002f0d5f98193c78706cd58568f510d95eded8b76f9fde56a17be1620197b535c66c695ab4c68ce91af39b5896d42730837f96360e1e3ca8c79e5c1f7df491ead9b3676c1642b40c88c66767aebaeaaa862d17ba18c6666948166b390f09201be34f8604664b6ed7ae5d7a561d27a1122dd79301d6d1a21beaccd2586f2ac2852e46d0b1da6e4a1cf942f87baec768003864c8103dfdc730bcfdc3860dd37b7a79fde40f7ad065f2a54008861e4c6ebefaeaab447c09b545cb3dd1f804a3f15b632b6af3e6cd7a4b2acf72f8f0613db16118c05890167af7eedd89540a9568b9ee3a419e8316669b06af8d6a5f414e64a90012a183f13943b7bcafa10169ee5bb4d1a347ab6fbef9467f8a91494056b3c152fe65558ef18ee56e966d181e6cdab429d12b202d5a2298d227a29b8460c63018c72c096479a79c2cae523d207492d9667ae4dcfe22f72ddab469d3d47befbdd7e065cb46345b3879166698865c6ca88f1f3f5eef75261169d192a0f45f9a3427a9f1d435eb66908c055b260779bef03d431784160d1d934a1aec92e669235dee2703a67bc4202c05f83a206bc318260ff634a3075042254f1a9d83eb3a210cfb96b8ffb0df57ee14140ab26a8ecf1627a18c1b37b3b511234668771ad6d6b294ac2603ac997142ece38f3f6e8851c2da1ace0203060cf8df09283da3fbef1414fe79cb972fd7fba3d5c8e9c3c33638a299ee02a2c41da333414bcc0480df42b6bc2f71b06463e26340685e24748aee16947b89480751e35a40215a043db3515ead558a2e0564d97af9ce3bea9b1687471cc9f8bd0fa2053b468b4ef32b2d2398f1996f22645dbed1336e392509c9b2ae6ba5fc83259a2f40a4dc6c1010a26583abe45a8280104d28e10401219a1398a510219a70c00902423427304b214234e18013049c122de4751e2768075448dcae8bedaa3a259af186b5ad84e4970e01761a5c4742774ab42e5dbae4fe285c3a9386999a3d516ce1529c12ad5fbf7e15bd315c2a5dcb65d19ae182842d5c8a53a21152aa4831cc5c1aca5659108d210c9eb82ec529d1faf6edab8ff5e7f5cca54bc36455960986832d5c8a53a275efde5df5eeddbbacf39e4ba56bb92cba4d6c409c1297e29468283665ca94dc1f1e716920db657170e7aebbeeb29d6d6c7e4e3d6ca90d877c39a748f729e3b558fb584d406b869b37a7de5d63efbc45e3a02fe1abf0f2cccaefdeaa750a9299f9ec11672c5c930c089db768c66e63c68c517bf6ecd16f9848f60870e087407e494fbcdbae9137a2f18186d2ef4025558ed630ef075092ea5a9a8ea589c6c4e20033c6c78b172f6e6cd14dfa9d37a211b67dd5aa55a9410330be01458b586b648364b4481ca94b4b3670e3f8225f9af121b9231a511ef970d9adb7deea032fef65ae5dbb56cd98314375ead429555d7c13cdf96420153a151233dea855c9abeede88d6d838b3e6406dad12ad29a1b91a8bb90dacbd118d6f02108825e9128721185d80ebed131b40dbca83557db33494063bb0eed5ab97ad6aa4cec7db188d0fca4f9e3c597dfef9e7892b8de3e4d8b1631531266a59c08d4941d2160a4212db97c917db803ec41bd15096ed1062ceb2625dcdfbd6844760a6c56c534469a2d1b2c59dd6073b166889899b76a66a1367af44b3a988e4153602dec66861c322b5b38d8010cd36a2925f59048468420c270808d19cc02c8508d184034e1010a23981590a11a209079c2020447302b314f20f65353454189ae02e0000000049454e44ae426082, 'Ttruck7', 10, 46, 1);

--
-- Indexes for dumped tables
--

--
-- Indexes for table `bill`
--
ALTER TABLE `bill`
  ADD PRIMARY KEY (`id`),
  ADD KEY `Pid` (`Pid`),
  ADD KEY `Bid` (`Bid`);

--
-- Indexes for table `buyer`
--
ALTER TABLE `buyer`
  ADD PRIMARY KEY (`id`);

--
-- Indexes for table `category`
--
ALTER TABLE `category`
  ADD PRIMARY KEY (`id`);

--
-- Indexes for table `distributer`
--
ALTER TABLE `distributer`
  ADD PRIMARY KEY (`id`),
  ADD KEY `productID` (`productID`);

--
-- Indexes for table `owner`
--
ALTER TABLE `owner`
  ADD PRIMARY KEY (`id`);

--
-- Indexes for table `product`
--
ALTER TABLE `product`
  ADD PRIMARY KEY (`id`),
  ADD KEY `categoryID` (`categoryID`);

--
-- AUTO_INCREMENT for dumped tables
--

--
-- AUTO_INCREMENT for table `bill`
--
ALTER TABLE `bill`
  MODIFY `id` int(11) NOT NULL AUTO_INCREMENT, AUTO_INCREMENT=41;
--
-- AUTO_INCREMENT for table `buyer`
--
ALTER TABLE `buyer`
  MODIFY `id` int(11) NOT NULL AUTO_INCREMENT, AUTO_INCREMENT=36;
--
-- AUTO_INCREMENT for table `category`
--
ALTER TABLE `category`
  MODIFY `id` int(11) NOT NULL AUTO_INCREMENT, AUTO_INCREMENT=36;
--
-- AUTO_INCREMENT for table `distributer`
--
ALTER TABLE `distributer`
  MODIFY `id` int(11) NOT NULL AUTO_INCREMENT, AUTO_INCREMENT=50;
--
-- AUTO_INCREMENT for table `owner`
--
ALTER TABLE `owner`
  MODIFY `id` int(11) NOT NULL AUTO_INCREMENT, AUTO_INCREMENT=8;
--
-- AUTO_INCREMENT for table `product`
--
ALTER TABLE `product`
  MODIFY `id` int(11) NOT NULL AUTO_INCREMENT, AUTO_INCREMENT=53;
--
-- Constraints for dumped tables
--

--
-- Constraints for table `bill`
--
ALTER TABLE `bill`
  ADD CONSTRAINT `bill_ibfk_1` FOREIGN KEY (`Pid`) REFERENCES `product` (`id`) ON DELETE SET NULL ON UPDATE CASCADE,
  ADD CONSTRAINT `bill_ibfk_2` FOREIGN KEY (`Bid`) REFERENCES `buyer` (`id`) ON DELETE SET NULL ON UPDATE CASCADE;

--
-- Constraints for table `distributer`
--
ALTER TABLE `distributer`
  ADD CONSTRAINT `distributer_ibfk_1` FOREIGN KEY (`productID`) REFERENCES `product` (`id`) ON DELETE SET NULL ON UPDATE CASCADE;

--
-- Constraints for table `product`
--
ALTER TABLE `product`
  ADD CONSTRAINT `product_ibfk_1` FOREIGN KEY (`categoryID`) REFERENCES `category` (`id`) ON DELETE CASCADE ON UPDATE CASCADE;

/*!40101 SET CHARACTER_SET_CLIENT=@OLD_CHARACTER_SET_CLIENT */;
/*!40101 SET CHARACTER_SET_RESULTS=@OLD_CHARACTER_SET_RESULTS */;
/*!40101 SET COLLATION_CONNECTION=@OLD_COLLATION_CONNECTION */;
